"州名","見出し","禹貢白文","禹貢日本語訳","比定地","音韻データ","アイヌ語解釈","出典"
"冀州","冀（州）","「禹敷土、随山刊木、奠高山大川。冀州既載壺口、治梁及岐。既修太原、至于岳陽。覃懐厎績、至于衡漳。厥土惟白壌、厥賦惟上上錯、厥田惟中中。恒衛既従、大陸既作。島夷皮服、夾右碣石、入于河。」","「禹は天下の土地を整理し、山々に登って木を切り払い、高い山や大きな川の境界を定められた。
冀州では、まず壺口の山から着手し、梁山や岐山の周辺を治めた。太原の盆地を整備し、太岳山の南側まで開拓を広げた。覃懐の地で治水の見事な成果が上がり、さらに衡水や漳水の流域へと及んだ。
その土地の土壌は「白壌（白い柔らかい土）」である。田の等級は「中の中」であるが、賦の等級は「上の上」であり、例外的にこれより上下することもある。
恒水や衛水は定められた川筋を流れるようになり、大陸澤の湿地帯も耕作ができるようになった
東北の島々に住む先住民は、毛皮の衣服を献上するようになった。右手に碣石山を見ながら海沿いを進み、黄河へと入って都へ運ぶ。」","中国の北部一帯。現在の山西省全域、河北省の大部分、河南省の黄河以北、および内モンゴル自治区・遼寧省の一部にまたがる広大な地域。","上古音：「冀」 k i̯ær／k ǐəi／k jəd／k iər／k jiədh","アイヌ語：「冀（州）」
＝「キル・アッ(kir-at)」
＝「山脚が・たくさんある（ところ）」","jomon2_bnum18.html"
"冀州","壺口","「禹敷土、随山刊木、奠高山大川。冀州既載壺口、治梁及岐。既修太原、至于岳陽。覃懐厎績、至于衡漳。厥土惟白壌、厥賦惟上上錯、厥田惟中中。恒衛既従、大陸既作。島夷皮服、夾右碣石、入于河。」","「禹は天下の土地を整理し、山々に登って木を切り払い、高い山や大きな川の境界を定められた。
冀州では、まず壺口の山から着手し、梁山や岐山の周辺を治めた。太原の盆地を整備し、太岳山の南側まで開拓を広げた。覃懐の地で治水の見事な成果が上がり、さらに衡水や漳水の流域へと及んだ。
その土地の土壌は「白壌（白い柔らかい土）」である。田の等級は「中の中」であるが、賦の等級は「上の上」であり、例外的にこれより上下することもある。
恒水や衛水は定められた川筋を流れるようになり、大陸澤の湿地帯も耕作ができるようになった
東北の島々に住む先住民は、毛皮の衣服を献上するようになった。右手に碣石山を見ながら海沿いを進み、黄河へと入って都へ運ぶ。」","山西省吉県と陝西省宜川県の境界にある黄河中流の激流「壺口瀑布」および周辺の山。","上古音：「壺」ɡʰ o／ɣ a／ɣ uɑɡ／ɡ waɣ／gw ag
上古音：「口」kʰ u／kʰ ɔ／kʰ ûɡ／kʰ ew／kh ugx","アイヌ語：「壺口」
＝「キル・アク・ク・ク(kir-ak-ku-ku)」
＝「山脚の・弟のor射る・矢（のように鋭い峰）・矢」
※アイヌ語「ク＝弓」。朝鮮半島では「ク＝矢」の可能性。サハリン、シベリアのニヴフ（ギリヤーク）語も「ク＝矢」。","jomon2_bnum18.html"
"冀州","梁","「禹敷土、随山刊木、奠高山大川。冀州既載壺口、治梁及岐。既修太原、至于岳陽。覃懐厎績、至于衡漳。厥土惟白壌、厥賦惟上上錯、厥田惟中中。恒衛既従、大陸既作。島夷皮服、夾右碣石、入于河。」","「禹は天下の土地を整理し、山々に登って木を切り払い、高い山や大きな川の境界を定められた。
冀州では、まず壺口の山から着手し、梁山や岐山の周辺を治めた。太原の盆地を整備し、太岳山の南側まで開拓を広げた。覃懐の地で治水の見事な成果が上がり、さらに衡水や漳水の流域へと及んだ。
その土地の土壌は「白壌（白い柔らかい土）」である。田の等級は「中の中」であるが、賦の等級は「上の上」であり、例外的にこれより上下することもある。
恒水や衛水は定められた川筋を流れるようになり、大陸澤の湿地帯も耕作ができるようになった
東北の島々に住む先住民は、毛皮の衣服を献上するようになった。右手に碣石山を見ながら海沿いを進み、黄河へと入って都へ運ぶ。」","現在の陝西省渭南市韓城市の北にある山。黄河の西岸（旧・雍州の東端）。","上古音：「梁」l i̯aŋ／l ǐaŋ／l jaŋ／l iaŋ／l jang","アイヌ語：「梁」
＝「リ・アゥ・ウン(ri-aw-un)」＝「高い・角、枝分かれ・にある（ところ）」","jomon2_bnum18.html"
"冀州","韓原","「禹敷土、随山刊木、奠高山大川。冀州既載壺口、治梁及岐。既修太原、至于岳陽。覃懐厎績、至于衡漳。厥土惟白壌、厥賦惟上上錯、厥田惟中中。恒衛既従、大陸既作。島夷皮服、夾右碣石、入于河。」","「禹は天下の土地を整理し、山々に登って木を切り払い、高い山や大きな川の境界を定められた。
冀州では、まず壺口の山から着手し、梁山や岐山の周辺を治めた。太原の盆地を整備し、太岳山の南側まで開拓を広げた。覃懐の地で治水の見事な成果が上がり、さらに衡水や漳水の流域へと及んだ。
その土地の土壌は「白壌（白い柔らかい土）」である。田の等級は「中の中」であるが、賦の等級は「上の上」であり、例外的にこれより上下することもある。
恒水や衛水は定められた川筋を流れるようになり、大陸澤の湿地帯も耕作ができるようになった
東北の島々に住む先住民は、毛皮の衣服を献上するようになった。右手に碣石山を見ながら海沿いを進み、黄河へと入って都へ運ぶ。」","陝西省韓城市の北、黄河の西岸にある梁山（古称は韓原）。","上古音：「韓」ɡʰ ɑn／ɣ an／- -／ɡ an／- -
上古音：「原」ŋ i̯wăn／ŋ ǐwan／ŋ juăn／ŋ jwan／ngw jan","アイヌ語：「韓原」
＝「キル・アゥ・ウン・キル・アゥ・ウン(kir-aw-un-kir-aw-un)」＝「山脚の・角、枝分かれ・にある・山脚の・角、枝分かれ・にある（ところ）」","jomon2_bnum18.html"
"冀州","岐","「禹敷土、随山刊木、奠高山大川。冀州既載壺口、治梁及岐。既修太原、至于岳陽。覃懐厎績、至于衡漳。厥土惟白壌、厥賦惟上上錯、厥田惟中中。恒衛既従、大陸既作。島夷皮服、夾右碣石、入于河。」","「禹は天下の土地を整理し、山々に登って木を切り払い、高い山や大きな川の境界を定められた。
冀州では、まず壺口の山から着手し、梁山や岐山の周辺を治めた。太原の盆地を整備し、太岳山の南側まで開拓を広げた。覃懐の地で治水の見事な成果が上がり、さらに衡水や漳水の流域へと及んだ。
その土地の土壌は「白壌（白い柔らかい土）」である。田の等級は「中の中」であるが、賦の等級は「上の上」であり、例外的にこれより上下することもある。
恒水や衛水は定められた川筋を流れるようになり、大陸澤の湿地帯も耕作ができるようになった
東北の島々に住む先住民は、毛皮の衣服を献上するようになった。右手に碣石山を見ながら海沿いを進み、黄河へと入って都へ運ぶ。」","陝西省宝鶏市岐山県にある岐山。","上古音：「岐」ɡʰ i̯ĕɡ／g ǐe／ɡʰ jeɡ／ɡ jieɣ／g jig","アイヌ語：「岐」
＝「キル・アク(kir-ak)」＝「山脚の・弟（のように小さいもの）」","jomon2_bnum18.html"
"冀州","太原","「禹敷土、随山刊木、奠高山大川。冀州既載壺口、治梁及岐。既修太原、至于岳陽。覃懐厎績、至于衡漳。厥土惟白壌、厥賦惟上上錯、厥田惟中中。恒衛既従、大陸既作。島夷皮服、夾右碣石、入于河。」","「禹は天下の土地を整理し、山々に登って木を切り払い、高い山や大きな川の境界を定められた。
冀州では、まず壺口の山から着手し、梁山や岐山の周辺を治めた。太原の盆地を整備し、太岳山の南側まで開拓を広げた。覃懐の地で治水の見事な成果が上がり、さらに衡水や漳水の流域へと及んだ。
その土地の土壌は「白壌（白い柔らかい土）」である。田の等級は「中の中」であるが、賦の等級は「上の上」であり、例外的にこれより上下することもある。
恒水や衛水は定められた川筋を流れるようになり、大陸澤の湿地帯も耕作ができるようになった
東北の島々に住む先住民は、毛皮の衣服を献上するようになった。右手に碣石山を見ながら海沿いを進み、黄河へと入って都へ運ぶ。」","山西省のほぼ中央に位置する広大な盆地「太原盆地」。現在の山西省の省都・太原市から臨汾市の北側にかけての一帯。","上古音：「太」tʰ ɑd／tʰ at／- -／tʰ ar／- -
上古音：「原」ŋ i̯wăn／ŋ ǐwan／ŋ juăn／ŋ jwan／ngw jan","アイヌ語：「太原」
＝「テュ・アッ・キル・アゥ・ウン(tu-at-kir-aw-un)」＝「峰が・たくさんある・山脚の・角、枝分かれ・にある（ところ）」","jomon2_bnum18.html"
"冀州","岳","「禹敷土、随山刊木、奠高山大川。冀州既載壺口、治梁及岐。既修太原、至于岳陽。覃懐厎績、至于衡漳。厥土惟白壌、厥賦惟上上錯、厥田惟中中。恒衛既従、大陸既作。島夷皮服、夾右碣石、入于河。」","「禹は天下の土地を整理し、山々に登って木を切り払い、高い山や大きな川の境界を定められた。
冀州では、まず壺口の山から着手し、梁山や岐山の周辺を治めた。太原の盆地を整備し、太岳山の南側まで開拓を広げた。覃懐の地で治水の見事な成果が上がり、さらに衡水や漳水の流域へと及んだ。
その土地の土壌は「白壌（白い柔らかい土）」である。田の等級は「中の中」であるが、賦の等級は「上の上」であり、例外的にこれより上下することもある。
恒水や衛水は定められた川筋を流れるようになり、大陸澤の湿地帯も耕作ができるようになった
東北の島々に住む先住民は、毛皮の衣服を献上するようになった。右手に碣石山を見ながら海沿いを進み、黄河へと入って都へ運ぶ。」","山西省臨汾市霍州市の東にある太岳山（別名・霍山）。","上古音：「岳」ŋ ŭk／ŋ eɔk／ŋ uk／ŋ rewk／ng ruk","アイヌ語：「岳」＝「キル・アク(kir-ak)」
＝「山脚の・弟（のように小さいもの）」","jomon2_bnum18.html"
"冀州","霍","「禹敷土、随山刊木、奠高山大川。冀州既載壺口、治梁及岐。既修太原、至于岳陽。覃懐厎績、至于衡漳。厥土惟白壌、厥賦惟上上錯、厥田惟中中。恒衛既従、大陸既作。島夷皮服、夾右碣石、入于河。」","「禹は天下の土地を整理し、山々に登って木を切り払い、高い山や大きな川の境界を定められた。
冀州では、まず壺口の山から着手し、梁山や岐山の周辺を治めた。太原の盆地を整備し、太岳山の南側まで開拓を広げた。覃懐の地で治水の見事な成果が上がり、さらに衡水や漳水の流域へと及んだ。
その土地の土壌は「白壌（白い柔らかい土）」である。田の等級は「中の中」であるが、賦の等級は「上の上」であり、例外的にこれより上下することもある。
恒水や衛水は定められた川筋を流れるようになり、大陸澤の湿地帯も耕作ができるようになった
東北の島々に住む先住民は、毛皮の衣服を献上するようになった。右手に碣石山を見ながら海沿いを進み、黄河へと入って都へ運ぶ。」","山西省臨汾市霍州市の東にある太岳山（別名・霍山）。","上古音：「霍」 x wɑk／h uak／x uɑk／x wak／hw ak","アイヌ語：「霍」＝「シル・アク(kir-ak)」
＝「山の・弟（のように小さいもの）」","jomon2_bnum18.html"
"冀州","覃懐","「禹敷土、随山刊木、奠高山大川。冀州既載壺口、治梁及岐。既修太原、至于岳陽。覃懐厎績、至于衡漳。厥土惟白壌、厥賦惟上上錯、厥田惟中中。恒衛既従、大陸既作。島夷皮服、夾右碣石、入于河。」","「禹は天下の土地を整理し、山々に登って木を切り払い、高い山や大きな川の境界を定められた。
冀州では、まず壺口の山から着手し、梁山や岐山の周辺を治めた。太原の盆地を整備し、太岳山の南側まで開拓を広げた。覃懐の地で治水の見事な成果が上がり、さらに衡水や漳水の流域へと及んだ。
その土地の土壌は「白壌（白い柔らかい土）」である。田の等級は「中の中」であるが、賦の等級は「上の上」であり、例外的にこれより上下することもある。
恒水や衛水は定められた川筋を流れるようになり、大陸澤の湿地帯も耕作ができるようになった
東北の島々に住む先住民は、毛皮の衣服を献上するようになった。右手に碣石山を見ながら海沿いを進み、黄河へと入って都へ運ぶ。」","河南省西北部、太行山脈の南麓で黄河の北岸に広がる平野。現在の河南省武陟（ぶちょく）県・沁陽（しんよう）市周辺。","上古音：「覃」dʰ əm／d əm／dʰ ə̂m／d əm／d əm
上古音：「懷」ɡʰ wær／ɣ oəi／ɣ uəb, ɣ uəd／ɡ rwər／gw rəb","アイヌ語：「覃懐」
＝「テュ・アム・キル・アッ(tu-am-kir-at)」
＝「峰の・爪の（ように平べったく鋭い）・山が・たくさんある（ところ）」","jomon2_bnum18.html"
"冀州","衡","「禹敷土、随山刊木、奠高山大川。冀州既載壺口、治梁及岐。既修太原、至于岳陽。覃懐厎績、至于衡漳。厥土惟白壌、厥賦惟上上錯、厥田惟中中。恒衛既従、大陸既作。島夷皮服、夾右碣石、入于河。」","「禹は天下の土地を整理し、山々に登って木を切り払い、高い山や大きな川の境界を定められた。
冀州では、まず壺口の山から着手し、梁山や岐山の周辺を治めた。太原の盆地を整備し、太岳山の南側まで開拓を広げた。覃懐の地で治水の見事な成果が上がり、さらに衡水や漳水の流域へと及んだ。
その土地の土壌は「白壌（白い柔らかい土）」である。田の等級は「中の中」であるが、賦の等級は「上の上」であり、例外的にこれより上下することもある。
恒水や衛水は定められた川筋を流れるようになり、大陸澤の湿地帯も耕作ができるようになった
東北の島々に住む先住民は、毛皮の衣服を献上するようになった。右手に碣石山を見ながら海沿いを進み、黄河へと入って都へ運ぶ。」","現在の河北省衡水市周辺、および太行山脈から華北平野へ流れ出す河川（現在の滏陽河や古黄河の分流）。","上古音：「衡」ɡʰ ăŋ／ɣ eaŋ／ɣ ăŋ／ɡ raŋ／g rang","アイヌ語：「衡」
＝「キル・アゥ・ウン(kir-aw-un)」
＝「山脚の・角、枝分かれ・にある（ところ）／峰の・角・枝分かれ・にある（ところ）」","jomon2_bnum18.html"
"冀州","漳","「禹敷土、随山刊木、奠高山大川。冀州既載壺口、治梁及岐。既修太原、至于岳陽。覃懐厎績、至于衡漳。厥土惟白壌、厥賦惟上上錯、厥田惟中中。恒衛既従、大陸既作。島夷皮服、夾右碣石、入于河。」","「禹は天下の土地を整理し、山々に登って木を切り払い、高い山や大きな川の境界を定められた。
冀州では、まず壺口の山から着手し、梁山や岐山の周辺を治めた。太原の盆地を整備し、太岳山の南側まで開拓を広げた。覃懐の地で治水の見事な成果が上がり、さらに衡水や漳水の流域へと及んだ。
その土地の土壌は「白壌（白い柔らかい土）」である。田の等級は「中の中」であるが、賦の等級は「上の上」であり、例外的にこれより上下することもある。
恒水や衛水は定められた川筋を流れるようになり、大陸澤の湿地帯も耕作ができるようになった
東北の島々に住む先住民は、毛皮の衣服を献上するようになった。右手に碣石山を見ながら海沿いを進み、黄河へと入って都へ運ぶ。」","現在の山西省東南部（長治市）から発し、河南省・河北省の境界（安陽市・邯鄲市）を経て北上する巨大な河川（漳河）。","上古音：「漳」- -／ȶ ǐaŋ／ȶ jaŋ／t jaŋ／t jang","アイヌ語：「漳」
＝「テュ・アゥ・ウン(tu-aw-un)」
＝「峰の・角・枝分かれ・にある（ところ）」","jomon2_bnum18.html"
"冀州","恒","「禹敷土、随山刊木、奠高山大川。冀州既載壺口、治梁及岐。既修太原、至于岳陽。覃懐厎績、至于衡漳。厥土惟白壌、厥賦惟上上錯、厥田惟中中。恒衛既従、大陸既作。島夷皮服、夾右碣石、入于河。」","「禹は天下の土地を整理し、山々に登って木を切り払い、高い山や大きな川の境界を定められた。
冀州では、まず壺口の山から着手し、梁山や岐山の周辺を治めた。太原の盆地を整備し、太岳山の南側まで開拓を広げた。覃懐の地で治水の見事な成果が上がり、さらに衡水や漳水の流域へと及んだ。
その土地の土壌は「白壌（白い柔らかい土）」である。田の等級は「中の中」であるが、賦の等級は「上の上」であり、例外的にこれより上下することもある。
恒水や衛水は定められた川筋を流れるようになり、大陸澤の湿地帯も耕作ができるようになった
東北の島々に住む先住民は、毛皮の衣服を献上するようになった。右手に碣石山を見ながら海沿いを進み、黄河へと入って都へ運ぶ。」","河北省西部、保定市付近を流れる海河水系の河川「唐河（とうが）」。","上古音：「恒」- -／ɣ əŋ／ɣ ə̂ŋ／ɡ əŋ／g əng","アイヌ語：「恒」
＝「キル・アゥ・ウン(kir-aw-un)」
＝「山脚の・角、枝分かれ・にある（ところ）」","jomon2_bnum18.html"
"冀州","衛","「禹敷土、随山刊木、奠高山大川。冀州既載壺口、治梁及岐。既修太原、至于岳陽。覃懐厎績、至于衡漳。厥土惟白壌、厥賦惟上上錯、厥田惟中中。恒衛既従、大陸既作。島夷皮服、夾右碣石、入于河。」","「禹は天下の土地を整理し、山々に登って木を切り払い、高い山や大きな川の境界を定められた。
冀州では、まず壺口の山から着手し、梁山や岐山の周辺を治めた。太原の盆地を整備し、太岳山の南側まで開拓を広げた。覃懐の地で治水の見事な成果が上がり、さらに衡水や漳水の流域へと及んだ。
その土地の土壌は「白壌（白い柔らかい土）」である。田の等級は「中の中」であるが、賦の等級は「上の上」であり、例外的にこれより上下することもある。
恒水や衛水は定められた川筋を流れるようになり、大陸澤の湿地帯も耕作ができるようになった
東北の島々に住む先住民は、毛皮の衣服を献上するようになった。右手に碣石山を見ながら海沿いを進み、黄河へと入って都へ運ぶ。」","北京・天津一帯を流れる海河水系の「大清河（だいせいが）」または「永定河（えいていが）」に比定。","上古音：「衛」ɡ i̯wad／ɣ ǐwat／ɣ juæd／ɣ iwar／gw jadh","アイヌ語：「衛」
＝「キル・アッ(kir-at)」
＝「山脚が・たくさんある（ところ）」","jomon2_bnum18.html"
"冀州","大陸","「禹敷土、随山刊木、奠高山大川。冀州既載壺口、治梁及岐。既修太原、至于岳陽。覃懐厎績、至于衡漳。厥土惟白壌、厥賦惟上上錯、厥田惟中中。恒衛既従、大陸既作。島夷皮服、夾右碣石、入于河。」","「禹は天下の土地を整理し、山々に登って木を切り払い、高い山や大きな川の境界を定められた。
冀州では、まず壺口の山から着手し、梁山や岐山の周辺を治めた。太原の盆地を整備し、太岳山の南側まで開拓を広げた。覃懐の地で治水の見事な成果が上がり、さらに衡水や漳水の流域へと及んだ。
その土地の土壌は「白壌（白い柔らかい土）」である。田の等級は「中の中」であるが、賦の等級は「上の上」であり、例外的にこれより上下することもある。
恒水や衛水は定められた川筋を流れるようになり、大陸澤の湿地帯も耕作ができるようになった
東北の島々に住む先住民は、毛皮の衣服を献上するようになった。右手に碣石山を見ながら海沿いを進み、黄河へと入って都へ運ぶ。」","かつて河北省邢台市隆尭県・任沢区の東側に存在した巨大な湖・湿地帯「大陸沢」。","上古音：「大」tʰ ɑd, dʰ ɑd／d at／dʰ ɑd／d ar／d adh
上古音：「陸」l -／l ǐuk／l jok／l iəwk／l jəkw","アイヌ語：「大陸」
＝「テュ・アッ・リ・アク(tu-at-ri-ak)」
＝「峰が・たくさんある・高い・弟（のように小さいもの）」","jomon2_bnum18.html"
"冀州","島夷","「禹敷土、随山刊木、奠高山大川。冀州既載壺口、治梁及岐。既修太原、至于岳陽。覃懐厎績、至于衡漳。厥土惟白壌、厥賦惟上上錯、厥田惟中中。恒衛既従、大陸既作。島夷皮服、夾右碣石、入于河。」","「禹は天下の土地を整理し、山々に登って木を切り払い、高い山や大きな川の境界を定められた。
冀州では、まず壺口の山から着手し、梁山や岐山の周辺を治めた。太原の盆地を整備し、太岳山の南側まで開拓を広げた。覃懐の地で治水の見事な成果が上がり、さらに衡水や漳水の流域へと及んだ。
その土地の土壌は「白壌（白い柔らかい土）」である。田の等級は「中の中」であるが、賦の等級は「上の上」であり、例外的にこれより上下することもある。
恒水や衛水は定められた川筋を流れるようになり、大陸澤の湿地帯も耕作ができるようになった
東北の島々に住む先住民は、毛皮の衣服を献上するようになった。右手に碣石山を見ながら海沿いを進み、黄河へと入って都へ運ぶ。」","冀州の東・北の境界である渤海沿岸や島々に住んでいた部族。現在の遼東半島から朝鮮半島北部、あるいは山東半島の一部にいた北方・東方の民族の居住地域。","上古音：「島」- -／t u／t ôɡ／t əw／t əgwx
上古音：「夷」d i̯ər／ʎ ǐei／d jed／r ier／r id","アイヌ語：「島夷」＝「テュ・アク・テュ・アッ(tu-ak-tu-at)」＝「峰の・弟の（ように小さい）・峰が・たくさんある（ところ）」","jomon2_bnum18.html"
"冀州","夾右","「禹敷土、随山刊木、奠高山大川。冀州既載壺口、治梁及岐。既修太原、至于岳陽。覃懐厎績、至于衡漳。厥土惟白壌、厥賦惟上上錯、厥田惟中中。恒衛既従、大陸既作。島夷皮服、夾右碣石、入于河。」","「禹は天下の土地を整理し、山々に登って木を切り払い、高い山や大きな川の境界を定められた。
冀州では、まず壺口の山から着手し、梁山や岐山の周辺を治めた。太原の盆地を整備し、太岳山の南側まで開拓を広げた。覃懐の地で治水の見事な成果が上がり、さらに衡水や漳水の流域へと及んだ。
その土地の土壌は「白壌（白い柔らかい土）」である。田の等級は「中の中」であるが、賦の等級は「上の上」であり、例外的にこれより上下することもある。
恒水や衛水は定められた川筋を流れるようになり、大陸澤の湿地帯も耕作ができるようになった
東北の島々に住む先住民は、毛皮の衣服を献上するようになった。右手に碣石山を見ながら海沿いを進み、黄河へと入って都へ運ぶ。」","下流の黄河（当時は北へ流れていた）が海に入る手前、西側（上流から見て右岸）の地域。現在の河北省東部一帯。","上古音：「夾」k ăp／k eap／k ɐp／k riap／k riap
上古音：「右」ɡ i̯ŭɡ／ɣ ǐwə／ɣ juə̆ɡ／ɣ jwəɣ／gw jəgh","アイヌ語：「夾右」
＝「ク・アプ・キル・アク(ku-ap-kir-ak)」
＝「矢の（ように鋭い）・釣り針の（ように曲がった）・山脚の・弟（のように小さいもの）」
※アイヌ語「ク＝弓」。朝鮮半島では「ク＝矢」の可能性。サハリン、シベリアのニヴフ（ギリヤーク）語も「ク＝矢」。","jomon2_bnum18.html"
"冀州","碣石","「禹敷土、随山刊木、奠高山大川。冀州既載壺口、治梁及岐。既修太原、至于岳陽。覃懐厎績、至于衡漳。厥土惟白壌、厥賦惟上上錯、厥田惟中中。恒衛既従、大陸既作。島夷皮服、夾右碣石、入于河。」","「禹は天下の土地を整理し、山々に登って木を切り払い、高い山や大きな川の境界を定められた。
冀州では、まず壺口の山から着手し、梁山や岐山の周辺を治めた。太原の盆地を整備し、太岳山の南側まで開拓を広げた。覃懐の地で治水の見事な成果が上がり、さらに衡水や漳水の流域へと及んだ。
その土地の土壌は「白壌（白い柔らかい土）」である。田の等級は「中の中」であるが、賦の等級は「上の上」であり、例外的にこれより上下することもある。
恒水や衛水は定められた川筋を流れるようになり、大陸澤の湿地帯も耕作ができるようになった
東北の島々に住む先住民は、毛皮の衣服を献上するようになった。右手に碣石山を見ながら海沿いを進み、黄河へと入って都へ運ぶ。」","河北省秦皇島市昌黎県にある碣石山。当時は黄河の河口近く、海に突き出た岬のようなランドマーク。","上古音：「碣」ɡʰ i̯at／g ǐat／ɡʰ jăt／ɡ jat／g jat
上古音：「石」ȡ i̯ăk／ʑ iak／- -／d jiak／d jiak","アイヌ語：「碣石」
＝「キル・アッ・テュ・アク(kir-at-tu-ak)」
＝「山脚が・たくさんある・峰の・弟」","jomon2_bnum18.html"
"兗州","兗（州）","「濟河惟兗州，九河既道，雷夏既澤，灉沮會同。桑土既蠶，是降丘宅土。厥土黑墳，厥草惟繇，厥木惟條。厥田惟中下，厥賦貞作，十有三載乃同。厥貢漆絲，厥篚織文。浮于濟漯，達于河。」","「済水と黄河に挟まれた地域が兗州である。氾濫していた黄河の下流の九本の河はスムーズに導かれ、雷夏の地は水が引いて正しい湖沢となった。灉水と沮水も合流して正しく流れるようになった。桑の育つ土地になったので蚕が飼えるようになり、人々は洪水から避難していた丘から下りて平地に住み着くようになった。その土壌は黒く肥えて柔らかく、草は生い茂り、木はまっすぐに伸びて高くなった。田の等級は中下（第6等）であり、税の額は正しく定められたが、治水工事が始まってから13年経ってようやく他の州と同じように安定して徴収できるようになった。その貢物は漆と絹糸であり、竹かごに詰めて納めるものは模様を織り込んだ織物である。貢物を運ぶ船は済水や漯水に浮かべて進み、黄河へと達する。」","現在の山東省の西部・北部、河南省の東部、および河北省の南部にまたがる地域。西は黄河、東は済水（かつて存在した大河）に挟まれた平野部。","上古音：「兗」d i̯wan／ʎ ǐwan／- -／r iwan／- -","アイヌ語：「兗（州）」
＝「リ・アゥ・ウン(ri-aw-un)」
＝「高い・角、枝分かれ・にある（ところ）」","jomon2_bnum18.html"
"兗州","濟","「濟河惟兗州，九河既道，雷夏既澤，灉沮會同。桑土既蠶，是降丘宅土。厥土黑墳，厥草惟繇，厥木惟條。厥田惟中下，厥賦貞作，十有三載乃同。厥貢漆絲，厥篚織文。浮于濟漯，達于河。」","「済水と黄河に挟まれた地域が兗州である。氾濫していた黄河の下流の九本の河はスムーズに導かれ、雷夏の地は水が引いて正しい湖沢となった。灉水と沮水も合流して正しく流れるようになった。桑の育つ土地になったので蚕が飼えるようになり、人々は洪水から避難していた丘から下りて平地に住み着くようになった。その土壌は黒く肥えて柔らかく、草は生い茂り、木はまっすぐに伸びて高くなった。田の等級は中下（第6等）であり、税の額は正しく定められたが、治水工事が始まってから13年経ってようやく他の州と同じように安定して徴収できるようになった。その貢物は漆と絹糸であり、竹かごに詰めて納めるものは模様を織り込んだ織物である。貢物を運ぶ船は済水や漯水に浮かべて進み、黄河へと達する。」","かつての「済水」。当時は黄河、長江、淮河と並び「四瀆」と呼ばれた独立した川。現在は消滅。現在の黄河の下流部。","上古音：「濟」ts iər／ts iei／ts ied／ts er／ts idx","アイヌ語：「濟」
＝「テュ・アッ(tu-at)」
＝「峰が・たくさんある（ところ）」","jomon2_bnum18.html"
"兗州","河","「濟河惟兗州，九河既道，雷夏既澤，灉沮會同。桑土既蠶，是降丘宅土。厥土黑墳，厥草惟繇，厥木惟條。厥田惟中下，厥賦貞作，十有三載乃同。厥貢漆絲，厥篚織文。浮于濟漯，達于河。」","「済水と黄河に挟まれた地域が兗州である。氾濫していた黄河の下流の九本の河はスムーズに導かれ、雷夏の地は水が引いて正しい湖沢となった。灉水と沮水も合流して正しく流れるようになった。桑の育つ土地になったので蚕が飼えるようになり、人々は洪水から避難していた丘から下りて平地に住み着くようになった。その土壌は黒く肥えて柔らかく、草は生い茂り、木はまっすぐに伸びて高くなった。田の等級は中下（第6等）であり、税の額は正しく定められたが、治水工事が始まってから13年経ってようやく他の州と同じように安定して徴収できるようになった。その貢物は漆と絹糸であり、竹かごに詰めて納めるものは模様を織り込んだ織物である。貢物を運ぶ船は済水や漯水に浮かべて進み、黄河へと達する。」","黄河。","上古音：「河」ɡʰ ɑ／ɣ ai／ɣ ɑ／ɡ a／g ar","アイヌ語：「河」
＝「キル・アゥ(kir-aw)」
＝「山脚の・角、枝分かれ」","jomon2_bnum18.html"
"兗州","九河","「濟河惟兗州，九河既道，雷夏既澤，灉沮會同。桑土既蠶，是降丘宅土。厥土黑墳，厥草惟繇，厥木惟條。厥田惟中下，厥賦貞作，十有三載乃同。厥貢漆絲，厥篚織文。浮于濟漯，達于河。」","「済水と黄河に挟まれた地域が兗州である。氾濫していた黄河の下流の九本の河はスムーズに導かれ、雷夏の地は水が引いて正しい湖沢となった。灉水と沮水も合流して正しく流れるようになった。桑の育つ土地になったので蚕が飼えるようになり、人々は洪水から避難していた丘から下りて平地に住み着くようになった。その土壌は黒く肥えて柔らかく、草は生い茂り、木はまっすぐに伸びて高くなった。田の等級は中下（第6等）であり、税の額は正しく定められたが、治水工事が始まってから13年経ってようやく他の州と同じように安定して徴収できるようになった。その貢物は漆と絹糸であり、竹かごに詰めて納めるものは模様を織り込んだ織物である。貢物を運ぶ船は済水や漯水に浮かべて進み、黄河へと達する。」","現在の河北省東南部から山東省西北部にかけて、黄河の下流が網の目のように分流していた9つの河道の総称（徒駭・太史・馬頰・覆釜・胡蘇・簡・潔・鉤盤・鬲津の9河）。","上古音：「九」k i̯ŭɡ／k ǐu／k jŏɡ／k jəw／k jəgwx
上古音：「河」ɡʰɑ／ɣai／ɣɑ／ɡa／gar","アイヌ語：「九河」
＝「キル・アク・キル・アゥ(kir-ak-kir-aw)」
＝「山脚の・弟（のように小さいもの）・山脚の・角、枝分かれ」","jomon2_bnum18.html"
"兗州","雷夏","「濟河惟兗州，九河既道，雷夏既澤，灉沮會同。桑土既蠶，是降丘宅土。厥土黑墳，厥草惟繇，厥木惟條。厥田惟中下，厥賦貞作，十有三載乃同。厥貢漆絲，厥篚織文。浮于濟漯，達于河。」","「済水と黄河に挟まれた地域が兗州である。氾濫していた黄河の下流の九本の河はスムーズに導かれ、雷夏の地は水が引いて正しい湖沢となった。灉水と沮水も合流して正しく流れるようになった。桑の育つ土地になったので蚕が飼えるようになり、人々は洪水から避難していた丘から下りて平地に住み着くようになった。その土壌は黒く肥えて柔らかく、草は生い茂り、木はまっすぐに伸びて高くなった。田の等級は中下（第6等）であり、税の額は正しく定められたが、治水工事が始まってから13年経ってようやく他の州と同じように安定して徴収できるようになった。その貢物は漆と絹糸であり、竹かごに詰めて納めるものは模様を織り込んだ織物である。貢物を運ぶ船は済水や漯水に浮かべて進み、黄河へと達する。」","かつて山東省荷沢市一帯（現在の菏沢市牡丹区の北東）に存在した巨大な湖「雷夏沢（らいかたく）」である。現在は干拓され、完全に陸地化している。","上古音：「雷」l wər／l uəi／l uə̂d／l wər／l əd
上古音：「夏」ɡʰ ɔ／ɣ ea／ɣ ăɡ／ɡ raɣ／g ragh","アイヌ語：「雷夏」
＝「ル・アッ・キル・アク(ru-at-kir-ak)」
＝「消えたかかった・たくさんある・山脚の・弟（のように小さいもの）」","jomon2_bnum18.html"
"兗州","灉","「濟河惟兗州，九河既道，雷夏既澤，灉沮會同。桑土既蠶，是降丘宅土。厥土黑墳，厥草惟繇，厥木惟條。厥田惟中下，厥賦貞作，十有三載乃同。厥貢漆絲，厥篚織文。浮于濟漯，達于河。」","「済水と黄河に挟まれた地域が兗州である。氾濫していた黄河の下流の九本の河はスムーズに導かれ、雷夏の地は水が引いて正しい湖沢となった。灉水と沮水も合流して正しく流れるようになった。桑の育つ土地になったので蚕が飼えるようになり、人々は洪水から避難していた丘から下りて平地に住み着くようになった。その土壌は黒く肥えて柔らかく、草は生い茂り、木はまっすぐに伸びて高くなった。田の等級は中下（第6等）であり、税の額は正しく定められたが、治水工事が始まってから13年経ってようやく他の州と同じように安定して徴収できるようになった。その貢物は漆と絹糸であり、竹かごに詰めて納めるものは模様を織り込んだ織物である。貢物を運ぶ船は済水や漯水に浮かべて進み、黄河へと達する。」","雷夏沢から流れ出て、東の済水へと注いでいた川。現在の山東省荷沢市から鄆城県付近を流れていたとされ。現代の水系では消失。","上古音：「灉」 - -／- -／ʔ juŋ／ʔ jewŋ／· jung","アイヌ語：「灉」
＝「イ・アゥ・ウン(i-aw-un)」
＝「その・角、枝分かれ・にある（ところ）」","jomon2_bnum18.html"
"兗州","沮","「濟河惟兗州，九河既道，雷夏既澤，灉沮會同。桑土既蠶，是降丘宅土。厥土黑墳，厥草惟繇，厥木惟條。厥田惟中下，厥賦貞作，十有三載乃同。厥貢漆絲，厥篚織文。浮于濟漯，達于河。」","「済水と黄河に挟まれた地域が兗州である。氾濫していた黄河の下流の九本の河はスムーズに導かれ、雷夏の地は水が引いて正しい湖沢となった。灉水と沮水も合流して正しく流れるようになった。桑の育つ土地になったので蚕が飼えるようになり、人々は洪水から避難していた丘から下りて平地に住み着くようになった。その土壌は黒く肥えて柔らかく、草は生い茂り、木はまっすぐに伸びて高くなった。田の等級は中下（第6等）であり、税の額は正しく定められたが、治水工事が始まってから13年経ってようやく他の州と同じように安定して徴収できるようになった。その貢物は漆と絹糸であり、竹かごに詰めて納めるものは模様を織り込んだ織物である。貢物を運ぶ船は済水や漯水に浮かべて進み、黄河へと達する。」","雷夏沢の周辺、あるいは灉水と同じく山東省西部を流れて済水に合流していた小河川。諸説あるが、現在の山東省巨野（きょや）県付近にあった水系と比定。","上古音：「沮」ts i̯o／ts ǐa／ts jaɡ／ts jaɣ／ts jagh
上古音：「沮」dzʰ i̯o／dz ǐa／dzʰ jaɡ／dz jaɣ／dz jagx","アイヌ語：「沮」
＝「テュ・アク(tu-ak)」
＝「峰の・弟の（ように小さいもの）」","jomon2_bnum18.html"
"兗州","桑土","「濟河惟兗州，九河既道，雷夏既澤，灉沮會同。桑土既蠶，是降丘宅土。厥土黑墳，厥草惟繇，厥木惟條。厥田惟中下，厥賦貞作，十有三載乃同。厥貢漆絲，厥篚織文。浮于濟漯，達于河。」","「済水と黄河に挟まれた地域が兗州である。氾濫していた黄河の下流の九本の河はスムーズに導かれ、雷夏の地は水が引いて正しい湖沢となった。灉水と沮水も合流して正しく流れるようになった。桑の育つ土地になったので蚕が飼えるようになり、人々は洪水から避難していた丘から下りて平地に住み着くようになった。その土壌は黒く肥えて柔らかく、草は生い茂り、木はまっすぐに伸びて高くなった。田の等級は中下（第6等）であり、税の額は正しく定められたが、治水工事が始まってから13年経ってようやく他の州と同じように安定して徴収できるようになった。その貢物は漆と絹糸であり、竹かごに詰めて納めるものは模様を織り込んだ織物である。貢物を運ぶ船は済水や漯水に浮かべて進み、黄河へと達する。」","灉水と沮水の治水によって開拓された、桑の栽培に適した肥沃な平野部。現在の山東省西部の菏沢市・済寧（さいねい）市から、河南省東部の商丘（しょうきゅう）市周辺にかけての地域。","上古音：「桑」 s ɑŋ／s aŋ／s ɑŋ／s aŋ／s ang
上古音：「土」tʰ o／tʰ a／tʰ ɑɡ／tʰ aɣ／th agx
上古音：「土」dʰ o／- -／- -／d aɣ／- -","アイヌ語：「桑土」
＝「サン・タク(san-tak)」
＝「平山の・石」","jomon2_bnum18.html"
"青州","青（州）","「海岱惟青州，嵎夷既略，濰淄其道。厥土白墳，海濱廣斥。厥田惟上下，厥賦中上。厥貢鹽絺，海物惟錯。岱畎絲、枲、鈆、松、怪石。萊夷作牧。厥篚檿絲。浮于汶，達于濟。」","「東の海と西の泰山のあいだの地域が青州である。東の最果ての地はすでに治まり、濰水と淄水の治水が完了して正しく流れるようになった。その土地の土質は白く、ふっくらと肥えているが、海沿いは広大な塩分を含んだ湿地である。田の等級は「上下」（上から3番目）であるが、税の等級は「中上」（上から4番目）である。貢物は塩や葛布であり、そのほか様々な海の産物が交じり合っている。さらに泰山の谷間からは、生糸、からむし、鉛、松の木、珍しい形の鑑賞石が産出される。萊夷の地は、放牧に適した地とされた。竹かごに入れて献上する上質な品は、山桑の繭から紡いだ頑丈な生糸である。これらの貢物は、汶水・遂水に船を浮かべて運び、済水へと乗り入れて中央へと運ばれる。」","主に現在の山東省の東部（山東半島全域）から、遼東半島にかけての地域である。西は済水、南は泰山によって他の州と区切られている。","上古音：「青」tsʰ ieŋ／tsʰ ieŋ／tsʰ ieŋ／tsʰ eŋ／tsh ing","アイヌ語：「青（州）」
＝「テュ・エ・エン(tu-e-en)」
＝「峰が・そこで・突き出ている（ところ）」","jomon2_bnum18.html"
"青州","岱","「海岱惟青州，嵎夷既略，濰淄其道。厥土白墳，海濱廣斥。厥田惟上下，厥賦中上。厥貢鹽絺，海物惟錯。岱畎絲、枲、鈆、松、怪石。萊夷作牧。厥篚檿絲。浮于汶，達于濟。」","「東の海と西の泰山のあいだの地域が青州である。東の最果ての地はすでに治まり、濰水と淄水の治水が完了して正しく流れるようになった。その土地の土質は白く、ふっくらと肥えているが、海沿いは広大な塩分を含んだ湿地である。田の等級は「上下」（上から3番目）であるが、税の等級は「中上」（上から4番目）である。貢物は塩や葛布であり、そのほか様々な海の産物が交じり合っている。さらに泰山の谷間からは、生糸、からむし、鉛、松の木、珍しい形の鑑賞石が産出される。萊夷の地は、放牧に適した地とされた。竹かごに入れて献上する上質な品は、山桑の繭から紡いだ頑丈な生糸である。これらの貢物は、汶水・遂水に船を浮かべて運び、済水へと乗り入れて中央へと運ばれる。」","岱（泰山）。","上古音：「岱」dʰ əɡ／d ə／dʰ ə̂ɡ／d əɣ／d əgh","アイヌ語：「岱」
＝「テュ・アク(tu-ak)」
＝「峰の・弟（のように小さいもの）」","jomon2_bnum18.html"
"青州","嵎夷","「海岱惟青州，嵎夷既略，濰淄其道。厥土白墳，海濱廣斥。厥田惟上下，厥賦中上。厥貢鹽絺，海物惟錯。岱畎絲、枲、鈆、松、怪石。萊夷作牧。厥篚檿絲。浮于汶，達于濟。」","「東の海と西の泰山のあいだの地域が青州である。東の最果ての地はすでに治まり、濰水と淄水の治水が完了して正しく流れるようになった。その土地の土質は白く、ふっくらと肥えているが、海沿いは広大な塩分を含んだ湿地である。田の等級は「上下」（上から3番目）であるが、税の等級は「中上」（上から4番目）である。貢物は塩や葛布であり、そのほか様々な海の産物が交じり合っている。さらに泰山の谷間からは、生糸、からむし、鉛、松の木、珍しい形の鑑賞石が産出される。萊夷の地は、放牧に適した地とされた。竹かごに入れて献上する上質な品は、山桑の繭から紡いだ頑丈な生糸である。これらの貢物は、汶水・遂水に船を浮かべて運び、済水へと乗り入れて中央へと運ばれる。」","青州の東端、太陽が昇る場所とされる地域（またはそこに住む部族）。現在の山東半島東端（威海市・栄成市周辺）から、広くは渤海を挟んだ遼東半島一帯。","上古音：「嵎」ŋ i̯u／- -／- -／ŋ jew／- -
上古音：「夷」d i̯ər／ʎ ǐei／d jed／r ier／r id","アイヌ語：「嵎夷」
＝「キル・アゥ・テュ・アッ(kir-aw-tu-at)」
＝「山脚の・角、枝分かれの・峰が・たくさんある（ところ）」","jomon2_bnum18.html"
"青州","濰","「海岱惟青州，嵎夷既略，濰淄其道。厥土白墳，海濱廣斥。厥田惟上下，厥賦中上。厥貢鹽絺，海物惟錯。岱畎絲、枲、鈆、松、怪石。萊夷作牧。厥篚檿絲。浮于汶，達于濟。」","「東の海と西の泰山のあいだの地域が青州である。東の最果ての地はすでに治まり、濰水と淄水の治水が完了して正しく流れるようになった。その土地の土質は白く、ふっくらと肥えているが、海沿いは広大な塩分を含んだ湿地である。田の等級は「上下」（上から3番目）であるが、税の等級は「中上」（上から4番目）である。貢物は塩や葛布であり、そのほか様々な海の産物が交じり合っている。さらに泰山の谷間からは、生糸、からむし、鉛、松の木、珍しい形の鑑賞石が産出される。萊夷の地は、放牧に適した地とされた。竹かごに入れて献上する上質な品は、山桑の繭から紡いだ頑丈な生糸である。これらの貢物は、汶水・遂水に船を浮かべて運び、済水へと乗り入れて中央へと運ばれる。」","山東半島を北へと流れる大河「濰河」。現代でも同じ名前で山東省濰坊市などを流れる。","上古音：「濰」- -／ʎ ǐwəi／d juəd／r iwər／r əd","アイヌ語：「濰」
＝「テュ・アッ(tu-at)」
＝「峰が・たくさんある（ところ）」","jomon2_bnum18.html"
"青州","淄","「海岱惟青州，嵎夷既略，濰淄其道。厥土白墳，海濱廣斥。厥田惟上下，厥賦中上。厥貢鹽絺，海物惟錯。岱畎絲、枲、鈆、松、怪石。萊夷作牧。厥篚檿絲。浮于汶，達于濟。」","「東の海と西の泰山のあいだの地域が青州である。東の最果ての地はすでに治まり、濰水と淄水の治水が完了して正しく流れるようになった。その土地の土質は白く、ふっくらと肥えているが、海沿いは広大な塩分を含んだ湿地である。田の等級は「上下」（上から3番目）であるが、税の等級は「中上」（上から4番目）である。貢物は塩や葛布であり、そのほか様々な海の産物が交じり合っている。さらに泰山の谷間からは、生糸、からむし、鉛、松の木、珍しい形の鑑賞石が産出される。萊夷の地は、放牧に適した地とされた。竹かごに入れて献上する上質な品は、山桑の繭から紡いだ頑丈な生糸である。これらの貢物は、汶水・遂水に船を浮かべて運び、済水へと乗り入れて中央へと運ばれる。」","濰水の西側を並行して北へ流れる「淄河」。現在の山東省淄博市などの由来となった川。","上古音：「淄」- -／tʃ ǐə／- -／- -／- -","アイヌ語：「淄」
＝「テュ・アゥ(tu-aw)」
＝「山脚の・角、枝分かれ」","jomon2_bnum18.html"
"青州","萊夷","「海岱惟青州，嵎夷既略，濰淄其道。厥土白墳，海濱廣斥。厥田惟上下，厥賦中上。厥貢鹽絺，海物惟錯。岱畎絲、枲、鈆、松、怪石。萊夷作牧。厥篚檿絲。浮于汶，達于濟。」","「東の海と西の泰山のあいだの地域が青州である。東の最果ての地はすでに治まり、濰水と淄水の治水が完了して正しく流れるようになった。その土地の土質は白く、ふっくらと肥えているが、海沿いは広大な塩分を含んだ湿地である。田の等級は「上下」（上から3番目）であるが、税の等級は「中上」（上から4番目）である。貢物は塩や葛布であり、そのほか様々な海の産物が交じり合っている。さらに泰山の谷間からは、生糸、からむし、鉛、松の木、珍しい形の鑑賞石が産出される。萊夷の地は、放牧に適した地とされた。竹かごに入れて献上する上質な品は、山桑の繭から紡いだ頑丈な生糸である。これらの貢物は、汶水・遂水に船を浮かべて運び、済水へと乗り入れて中央へと運ばれる。」","山東半島の東部に居住していた古代の部族、およびその居住地域（萊の地）。現在の山東省煙台市・竜口市周辺（古くの「莱州」一帯）に比定。","上古音：「萊」l əɡ／l ə／l ə̂ɡ／l əɣ／l əgh
上古音：「夷」d i̯ər／ʎ ǐei／d jed／r ier／r id","アイヌ語：「萊夷」
＝「ル・アク・テュ・アッ(ru-ak-tu-at)」
＝「消えかかった・弟の（ように小さい）・峰が・たくさんある（ところ）」","jomon2_bnum18.html"
"青州","汶","「海岱惟青州，嵎夷既略，濰淄其道。厥土白墳，海濱廣斥。厥田惟上下，厥賦中上。厥貢鹽絺，海物惟錯。岱畎絲、枲、鈆、松、怪石。萊夷作牧。厥篚檿絲。浮于汶，達于濟。」","「東の海と西の泰山のあいだの地域が青州である。東の最果ての地はすでに治まり、濰水と淄水の治水が完了して正しく流れるようになった。その土地の土質は白く、ふっくらと肥えているが、海沿いは広大な塩分を含んだ湿地である。田の等級は「上下」（上から3番目）であるが、税の等級は「中上」（上から4番目）である。貢物は塩や葛布であり、そのほか様々な海の産物が交じり合っている。さらに泰山の谷間からは、生糸、からむし、鉛、松の木、珍しい形の鑑賞石が産出される。萊夷の地は、放牧に適した地とされた。竹かごに入れて献上する上質な品は、山桑の繭から紡いだ頑丈な生糸である。これらの貢物は、汶水・遂水に船を浮かべて運び、済水へと乗り入れて中央へと運ばれる。」","泰山のふもとを流れ、西の済水へと注いでいた大河「大汶河（だいぶんが）」。青州の物産を都へ運ぶための重要な水路（貢道）。","上古音：「汶」 m i̯wən／m ǐwən／m juə̆n／m jwən／m jənh","アイヌ語：「汶」
＝「ムィ・アゥ・ウン(muy-aw-un)」
＝「頂の・角、枝分かれ・にある（ところ）」","jomon2_bnum18.html"
"青州","濟","「海岱惟青州，嵎夷既略，濰淄其道。厥土白墳，海濱廣斥。厥田惟上下，厥賦中上。厥貢鹽絺，海物惟錯。岱畎絲、枲、鈆、松、怪石。萊夷作牧。厥篚檿絲。浮于汶，達于濟。」","「東の海と西の泰山のあいだの地域が青州である。東の最果ての地はすでに治まり、濰水と淄水の治水が完了して正しく流れるようになった。その土地の土質は白く、ふっくらと肥えているが、海沿いは広大な塩分を含んだ湿地である。田の等級は「上下」（上から3番目）であるが、税の等級は「中上」（上から4番目）である。貢物は塩や葛布であり、そのほか様々な海の産物が交じり合っている。さらに泰山の谷間からは、生糸、からむし、鉛、松の木、珍しい形の鑑賞石が産出される。萊夷の地は、放牧に適した地とされた。竹かごに入れて献上する上質な品は、山桑の繭から紡いだ頑丈な生糸である。これらの貢物は、汶水・遂水に船を浮かべて運び、済水へと乗り入れて中央へと運ばれる。」","かつての「済水」。当時は黄河、長江、淮河と並び「四瀆」と呼ばれた独立した川。現在は消滅。現在の黄河の下流部。","上古音：「濟」ts iər／ts iei／ts ied／ts er／ts idx","アイヌ語：「濟」
＝「テュ・アッ(tu-at)」
＝「峰が・たくさんある（ところ）」","jomon2_bnum18.html"
"徐州","徐州","「海岱及淮惟徐州。淮、沂其乂，蒙、羽其藝。大野既豬，東原厎平。厥土赤埴墳，草木漸包。厥田惟上中，厥賦惟下上。厥貢惟土五色，羽畎夏狄，嶧陽孤桐，泗濱浮磬，淮夷蠙珠及魚。厥篚玄纖縞。浮于淮、泗，達于河。」","「東の海、北の泰山、そして南の淮水に囲まれた地域が徐州である。淮水と沂水の流域はすでに治まり、蒙山と羽山の周辺は耕作ができるようになった。大野澤の水はせき止められて池（湖）となり、東原の地はよく平らになった。その土地の土質は赤く、粘り気があってふっくらと肥えており、草木は成長して次第に生い茂っている。田の等級は「上中」（上から2番目）と優れているが、税の等級は「中中」（上から5番目）である。貢物は五色の粘土、羽山の谷間から採れるキジの羽、嶧山の南側から採れる特産のキリの木、泗水のほとりから採れる浮磬（石磬の材料となる石）、そして淮水付近に住む先住民族（淮夷）が献上する真珠と魚である。竹かごに入れて献上する上質な品は、黒い薄絹ときめの細かい白絹である。これらの貢物は、淮水や泗水に船を浮かべて運び、黄河へと乗り入れて中央へと運ばれる。」","主に現在の山東省南部と江蘇省・安徽省の北部（淮河流域の北側）にまたがる平野部。北は泰山、南は淮河（わいが）に挟まれた地域。","上古音：「徐」dz i̯o／z ǐa／z jaɡ／r jaɣ／sd jag","アイヌ語：「徐州」
＝「テュ・アク(tu-ak)」
＝「峰の・弟（のように小さいもの）」","jomon2_bnum18.html"
"徐州","岱","「海岱及淮惟徐州。淮、沂其乂，蒙、羽其藝。大野既豬，東原厎平。厥土赤埴墳，草木漸包。厥田惟上中，厥賦惟下上。厥貢惟土五色，羽畎夏狄，嶧陽孤桐，泗濱浮磬，淮夷蠙珠及魚。厥篚玄纖縞。浮于淮、泗，達于河。」","「東の海、北の泰山、そして南の淮水に囲まれた地域が徐州である。淮水と沂水の流域はすでに治まり、蒙山と羽山の周辺は耕作ができるようになった。大野澤の水はせき止められて池（湖）となり、東原の地はよく平らになった。その土地の土質は赤く、粘り気があってふっくらと肥えており、草木は成長して次第に生い茂っている。田の等級は「上中」（上から2番目）と優れているが、税の等級は「中中」（上から5番目）である。貢物は五色の粘土、羽山の谷間から採れるキジの羽、嶧山の南側から採れる特産のキリの木、泗水のほとりから採れる浮磬（石磬の材料となる石）、そして淮水付近に住む先住民族（淮夷）が献上する真珠と魚である。竹かごに入れて献上する上質な品は、黒い薄絹ときめの細かい白絹である。これらの貢物は、淮水や泗水に船を浮かべて運び、黄河へと乗り入れて中央へと運ばれる。」","岱（泰山）。","上古音：「岱」dʰ əɡ／d ə／dʰ ə̂ɡ／d əɣ／d əgh","アイヌ語：「岱」
＝「テュ・アク(tu-ak)」
＝「峰の・弟（のように小さいもの）」","jomon2_bnum18.html"
"徐州","淮","「海岱及淮惟徐州。淮、沂其乂，蒙、羽其藝。大野既豬，東原厎平。厥土赤埴墳，草木漸包。厥田惟上中，厥賦惟下上。厥貢惟土五色，羽畎夏狄，嶧陽孤桐，泗濱浮磬，淮夷蠙珠及魚。厥篚玄纖縞。浮于淮、泗，達于河。」","「東の海、北の泰山、そして南の淮水に囲まれた地域が徐州である。淮水と沂水の流域はすでに治まり、蒙山と羽山の周辺は耕作ができるようになった。大野澤の水はせき止められて池（湖）となり、東原の地はよく平らになった。その土地の土質は赤く、粘り気があってふっくらと肥えており、草木は成長して次第に生い茂っている。田の等級は「上中」（上から2番目）と優れているが、税の等級は「中中」（上から5番目）である。貢物は五色の粘土、羽山の谷間から採れるキジの羽、嶧山の南側から採れる特産のキリの木、泗水のほとりから採れる浮磬（石磬の材料となる石）、そして淮水付近に住む先住民族（淮夷）が献上する真珠と魚である。竹かごに入れて献上する上質な品は、黒い薄絹ときめの細かい白絹である。これらの貢物は、淮水や泗水に船を浮かべて運び、黄河へと乗り入れて中央へと運ばれる。」","中国を東西に流れる大河「淮河」。徐州の南側の境界線。","上古音：「淮」ɡʰ wær／ɣ oəi／ɣ uəd／ɡ rwər／gw rəd","アイヌ語：「淮」
＝「キル・アッ(kir-at)」
＝「山脚が・たくさんある（ところ）」","jomon2_bnum18.html"
"徐州","沂","「海岱及淮惟徐州。淮、沂其乂，蒙、羽其藝。大野既豬，東原厎平。厥土赤埴墳，草木漸包。厥田惟上中，厥賦惟下上。厥貢惟土五色，羽畎夏狄，嶧陽孤桐，泗濱浮磬，淮夷蠙珠及魚。厥篚玄纖縞。浮于淮、泗，達于河。」","「東の海、北の泰山、そして南の淮水に囲まれた地域が徐州である。淮水と沂水の流域はすでに治まり、蒙山と羽山の周辺は耕作ができるようになった。大野澤の水はせき止められて池（湖）となり、東原の地はよく平らになった。その土地の土質は赤く、粘り気があってふっくらと肥えており、草木は成長して次第に生い茂っている。田の等級は「上中」（上から2番目）と優れているが、税の等級は「中中」（上から5番目）である。貢物は五色の粘土、羽山の谷間から採れるキジの羽、嶧山の南側から採れる特産のキリの木、泗水のほとりから採れる浮磬（石磬の材料となる石）、そして淮水付近に住む先住民族（淮夷）が献上する真珠と魚である。竹かごに入れて献上する上質な品は、黒い薄絹ときめの細かい白絹である。これらの貢物は、淮水や泗水に船を浮かべて運び、黄河へと乗り入れて中央へと運ばれる。」","山東省南部から江蘇省北部へと流れる「沂河」。","上古音：「沂」- -／ŋ ǐəi／ŋ jə̆d／ŋ jər／ng jəd","アイヌ語：「沂」
＝「キル・アッ(kir-at)」
＝「山脚が・たくさんある（ところ）」","jomon2_bnum18.html"
"徐州","蒙","「海岱及淮惟徐州。淮、沂其乂，蒙、羽其藝。大野既豬，東原厎平。厥土赤埴墳，草木漸包。厥田惟上中，厥賦惟下上。厥貢惟土五色，羽畎夏狄，嶧陽孤桐，泗濱浮磬，淮夷蠙珠及魚。厥篚玄纖縞。浮于淮、泗，達于河。」","「東の海、北の泰山、そして南の淮水に囲まれた地域が徐州である。淮水と沂水の流域はすでに治まり、蒙山と羽山の周辺は耕作ができるようになった。大野澤の水はせき止められて池（湖）となり、東原の地はよく平らになった。その土地の土質は赤く、粘り気があってふっくらと肥えており、草木は成長して次第に生い茂っている。田の等級は「上中」（上から2番目）と優れているが、税の等級は「中中」（上から5番目）である。貢物は五色の粘土、羽山の谷間から採れるキジの羽、嶧山の南側から採れる特産のキリの木、泗水のほとりから採れる浮磬（石磬の材料となる石）、そして淮水付近に住む先住民族（淮夷）が献上する真珠と魚である。竹かごに入れて献上する上質な品は、黒い薄絹ときめの細かい白絹である。これらの貢物は、淮水や泗水に船を浮かべて運び、黄河へと乗り入れて中央へと運ばれる。」","山東省臨沂（りんぎ）市蒙陰県・平邑県にある「蒙山」。古くから霊山として崇められた山。","上古音：「蒙」m uŋ／m ɔŋ／m ûŋ／m ewŋ／m ung","アイヌ語：「蒙」
＝「ム・ク(mu-ku)」
＝「ふさがっている・矢（のように鋭い峰）」
※アイヌ語「ク＝弓」。朝鮮半島では「ク＝矢」の可能性。サハリン、シベリアのニヴフ（ギリヤーク）語も「ク＝矢」。","jomon2_bnum18.html"
"徐州","羽","「海岱及淮惟徐州。淮、沂其乂，蒙、羽其藝。大野既豬，東原厎平。厥土赤埴墳，草木漸包。厥田惟上中，厥賦惟下上。厥貢惟土五色，羽畎夏狄，嶧陽孤桐，泗濱浮磬，淮夷蠙珠及魚。厥篚玄纖縞。浮于淮、泗，達于河。」","「東の海、北の泰山、そして南の淮水に囲まれた地域が徐州である。淮水と沂水の流域はすでに治まり、蒙山と羽山の周辺は耕作ができるようになった。大野澤の水はせき止められて池（湖）となり、東原の地はよく平らになった。その土地の土質は赤く、粘り気があってふっくらと肥えており、草木は成長して次第に生い茂っている。田の等級は「上中」（上から2番目）と優れているが、税の等級は「中中」（上から5番目）である。貢物は五色の粘土、羽山の谷間から採れるキジの羽、嶧山の南側から採れる特産のキリの木、泗水のほとりから採れる浮磬（石磬の材料となる石）、そして淮水付近に住む先住民族（淮夷）が献上する真珠と魚である。竹かごに入れて献上する上質な品は、黒い薄絹ときめの細かい白絹である。これらの貢物は、淮水や泗水に船を浮かべて運び、黄河へと乗り入れて中央へと運ばれる。」","山東省臨沂市臨沭県と江蘇省連雲港市東海県の境界付近にある「羽山」。","上古音：「羽」ɡ i̯wo／ɣ ǐwa／ɣ juaɡ／ɣ jwaɣ／gw jagx","アイヌ語：「羽」
＝「キル・アク(kir-ak)」
＝「山脚の・弟（のように小さい峰）」","jomon2_bnum18.html"
"徐州","大野","「海岱及淮惟徐州。淮、沂其乂，蒙、羽其藝。大野既豬，東原厎平。厥土赤埴墳，草木漸包。厥田惟上中，厥賦惟下上。厥貢惟土五色，羽畎夏狄，嶧陽孤桐，泗濱浮磬，淮夷蠙珠及魚。厥篚玄纖縞。浮于淮、泗，達于河。」","「東の海、北の泰山、そして南の淮水に囲まれた地域が徐州である。淮水と沂水の流域はすでに治まり、蒙山と羽山の周辺は耕作ができるようになった。大野澤の水はせき止められて池（湖）となり、東原の地はよく平らになった。その土地の土質は赤く、粘り気があってふっくらと肥えており、草木は成長して次第に生い茂っている。田の等級は「上中」（上から2番目）と優れているが、税の等級は「中中」（上から5番目）である。貢物は五色の粘土、羽山の谷間から採れるキジの羽、嶧山の南側から採れる特産のキリの木、泗水のほとりから採れる浮磬（石磬の材料となる石）、そして淮水付近に住む先住民族（淮夷）が献上する真珠と魚である。竹かごに入れて献上する上質な品は、黒い薄絹ときめの細かい白絹である。これらの貢物は、淮水や泗水に船を浮かべて運び、黄河へと乗り入れて中央へと運ばれる。」","山東省巨野県の北にあった広大な湿地帯「大野沢」。","上古音：「大」tʰ ɑd, dʰ ɑd／d at／dʰ ɑd／d ar／d adh
上古音：「野」d i̯ɔ／ʎ ia／d jăɡ／r aɣ／r iagx","アイヌ語：「大野」
＝「テュ・アッ・テュ・アク(tu-at-tu-ak)」
＝「峰が・たくさんある・峰の・弟（のように小さいもの）」","jomon2_bnum18.html"
"徐州","東原","「海岱及淮惟徐州。淮、沂其乂，蒙、羽其藝。大野既豬，東原厎平。厥土赤埴墳，草木漸包。厥田惟上中，厥賦惟下上。厥貢惟土五色，羽畎夏狄，嶧陽孤桐，泗濱浮磬，淮夷蠙珠及魚。厥篚玄纖縞。浮于淮、泗，達于河。」","「東の海、北の泰山、そして南の淮水に囲まれた地域が徐州である。淮水と沂水の流域はすでに治まり、蒙山と羽山の周辺は耕作ができるようになった。大野澤の水はせき止められて池（湖）となり、東原の地はよく平らになった。その土地の土質は赤く、粘り気があってふっくらと肥えており、草木は成長して次第に生い茂っている。田の等級は「上中」（上から2番目）と優れているが、税の等級は「中中」（上から5番目）である。貢物は五色の粘土、羽山の谷間から採れるキジの羽、嶧山の南側から採れる特産のキリの木、泗水のほとりから採れる浮磬（石磬の材料となる石）、そして淮水付近に住む先住民族（淮夷）が献上する真珠と魚である。竹かごに入れて献上する上質な品は、黒い薄絹ときめの細かい白絹である。これらの貢物は、淮水や泗水に船を浮かべて運び、黄河へと乗り入れて中央へと運ばれる。」","山東省泰安市東平県の東部から、寧陽県・肥城市あたりに広がる平野部である。","上古音：「東」t uŋ／t uŋ／t uŋ／t uŋ／t ung／t oŋ
上古音：「原」ŋ i̯wăn／ŋ ǐwan／ŋ juăn／ŋ jwan／ngw jan","アイヌ語：「東原」
＝「テュン・キル・アゥ・ウン(tun-kir-aw-un)」＝「間の・山脚の・角、枝分かれ・にある（ところ）」","jomon2_bnum18.html"
"徐州","淮夷","「海岱及淮惟徐州。淮、沂其乂，蒙、羽其藝。大野既豬，東原厎平。厥土赤埴墳，草木漸包。厥田惟上中，厥賦惟下上。厥貢惟土五色，羽畎夏狄，嶧陽孤桐，泗濱浮磬，淮夷蠙珠及魚。厥篚玄纖縞。浮于淮、泗，達于河。」","「東の海、北の泰山、そして南の淮水に囲まれた地域が徐州である。淮水と沂水の流域はすでに治まり、蒙山と羽山の周辺は耕作ができるようになった。大野澤の水はせき止められて池（湖）となり、東原の地はよく平らになった。その土地の土質は赤く、粘り気があってふっくらと肥えており、草木は成長して次第に生い茂っている。田の等級は「上中」（上から2番目）と優れているが、税の等級は「中中」（上から5番目）である。貢物は五色の粘土、羽山の谷間から採れるキジの羽、嶧山の南側から採れる特産のキリの木、泗水のほとりから採れる浮磬（石磬の材料となる石）、そして淮水付近に住む先住民族（淮夷）が献上する真珠と魚である。竹かごに入れて献上する上質な品は、黒い薄絹ときめの細かい白絹である。これらの貢物は、淮水や泗水に船を浮かべて運び、黄河へと乗り入れて中央へと運ばれる。」","淮河流域から山東半島南部にかけて居住していた古代の部族、およびその居住地域。","上古音：「淮」ɡʰ wær／ɣ oəi／ɣ uəd／ɡ rwər／gw rəd
上古音：「夷」d i̯ər／ʎ ǐei／d jed／r ier／r id","アイヌ語：「淮夷」
＝「キル・アッ・テュ・アッ(kir-at-tu-at)」＝「山脚が・たくさんある・峰が・たくさんある（ところ）」","jomon2_bnum18.html"
"徐州","淮","「海岱及淮惟徐州。淮、沂其乂，蒙、羽其藝。大野既豬，東原厎平。厥土赤埴墳，草木漸包。厥田惟上中，厥賦惟下上。厥貢惟土五色，羽畎夏狄，嶧陽孤桐，泗濱浮磬，淮夷蠙珠及魚。厥篚玄纖縞。浮于淮、泗，達于河。」","「東の海、北の泰山、そして南の淮水に囲まれた地域が徐州である。淮水と沂水の流域はすでに治まり、蒙山と羽山の周辺は耕作ができるようになった。大野澤の水はせき止められて池（湖）となり、東原の地はよく平らになった。その土地の土質は赤く、粘り気があってふっくらと肥えており、草木は成長して次第に生い茂っている。田の等級は「上中」（上から2番目）と優れているが、税の等級は「中中」（上から5番目）である。貢物は五色の粘土、羽山の谷間から採れるキジの羽、嶧山の南側から採れる特産のキリの木、泗水のほとりから採れる浮磬（石磬の材料となる石）、そして淮水付近に住む先住民族（淮夷）が献上する真珠と魚である。竹かごに入れて献上する上質な品は、黒い薄絹ときめの細かい白絹である。これらの貢物は、淮水や泗水に船を浮かべて運び、黄河へと乗り入れて中央へと運ばれる。」","中国を東西に流れる大河淮河。徐州の南側の境界線。","上古音：「淮」ɡʰ wær／ɣ oəi／ɣ uəd／ɡ rwər／gw rəd","アイヌ語：「淮」
＝「キル・アッ(kir-at)」
＝「山脚が・たくさんある（ところ）」","jomon2_bnum18.html"
"徐州","泗","「海岱及淮惟徐州。淮、沂其乂，蒙、羽其藝。大野既豬，東原厎平。厥土赤埴墳，草木漸包。厥田惟上中，厥賦惟下上。厥貢惟土五色，羽畎夏狄，嶧陽孤桐，泗濱浮磬，淮夷蠙珠及魚。厥篚玄纖縞。浮于淮、泗，達于河。」","「東の海、北の泰山、そして南の淮水に囲まれた地域が徐州である。淮水と沂水の流域はすでに治まり、蒙山と羽山の周辺は耕作ができるようになった。大野澤の水はせき止められて池（湖）となり、東原の地はよく平らになった。その土地の土質は赤く、粘り気があってふっくらと肥えており、草木は成長して次第に生い茂っている。田の等級は「上中」（上から2番目）と優れているが、税の等級は「中中」（上から5番目）である。貢物は五色の粘土、羽山の谷間から採れるキジの羽、嶧山の南側から採れる特産のキリの木、泗水のほとりから採れる浮磬（石磬の材料となる石）、そして淮水付近に住む先住民族（淮夷）が献上する真珠と魚である。竹かごに入れて献上する上質な品は、黒い薄絹ときめの細かい白絹である。これらの貢物は、淮水や泗水に船を浮かべて運び、黄河へと乗り入れて中央へと運ばれる。」","泗水。山東省から南下して淮河に合流していた川。揚州から長江・海・淮河を経て、中央（現在の山東・河南方面）へ北上するための重要な連絡水路。","上古音：「泗」s i̯əd／s ǐei／s jed／s jier／s jidh","アイヌ語：「泗」
＝「シル・アッ(sir-at)」
＝「山が・たくさんある（ところ）」","jomon2_bnum18.html"
"徐州","河","「海岱及淮惟徐州。淮、沂其乂，蒙、羽其藝。大野既豬，東原厎平。厥土赤埴墳，草木漸包。厥田惟上中，厥賦惟下上。厥貢惟土五色，羽畎夏狄，嶧陽孤桐，泗濱浮磬，淮夷蠙珠及魚。厥篚玄纖縞。浮于淮、泗，達于河。」","「東の海、北の泰山、そして南の淮水に囲まれた地域が徐州である。淮水と沂水の流域はすでに治まり、蒙山と羽山の周辺は耕作ができるようになった。大野澤の水はせき止められて池（湖）となり、東原の地はよく平らになった。その土地の土質は赤く、粘り気があってふっくらと肥えており、草木は成長して次第に生い茂っている。田の等級は「上中」（上から2番目）と優れているが、税の等級は「中中」（上から5番目）である。貢物は五色の粘土、羽山の谷間から採れるキジの羽、嶧山の南側から採れる特産のキリの木、泗水のほとりから採れる浮磬（石磬の材料となる石）、そして淮水付近に住む先住民族（淮夷）が献上する真珠と魚である。竹かごに入れて献上する上質な品は、黒い薄絹ときめの細かい白絹である。これらの貢物は、淮水や泗水に船を浮かべて運び、黄河へと乗り入れて中央へと運ばれる。」","黄河。","上古音：「河」ɡʰ ɑ／ɣ ai／ɣ ɑ／ɡ a／g ar","アイヌ語：「河」
＝「キル・アゥ(kir-aw)」
＝「山脚の・角、枝分かれ」","jomon2_bnum18.html"
"揚州","揚（州）","「淮海惟揚州。彭蠡既豬，陽鳥攸居。三江既入，震澤厎定。篠、簜既敷，厥草惟夭，厥木惟喬。厥土惟塗泥。厥田唯下下，厥賦下上，上錯。厥貢惟金三品，瑤、琨、篠、簜、齒、革、羽毛惟木。鳥夷卉服。厥篚織貝，厥包橘柚，錫貢。沿于江、海，達于淮、泗。」","「淮河から海にいたる地域が、揚州である。彭蠡の水は一箇所に集まり、渡り鳥がそこに落ち着いて住めるようになった。三江が海へと流れ込み、震澤の水害も収まって安定した。篠や簜が一面に茂り、その草は非常に青々と生い茂り、木々は高くまっすぐに伸びた。この地の土は泥である。田畑の等級は「下下」であるが、税の等級は「下上」であり、年によってはさらに上の等級が混じることもある。その貢物は、三品の金属、瑶や琨、篠・簜、象牙、皮革、羽毛、獣の毛、そして木材である。ここに住む鳥夷は、草で編んだ衣服を着ている。竹籠に詰めた貝紫の織物、および包みにした橘や柚は、命じられたときにだけ献上する。これらを都に運ぶ際は、長江や海を沿うように下り、淮河や泗水に到達して都へと向かう。」","淮河より南、長江の下流域から、南の海岸線に至るまでの広大な江南・華南地域。","上古音：「揚」d i̯aŋ／ʎ ǐaŋ／d jaŋ／r iaŋ／r ang","アイヌ語：「揚（州）」
＝「テュ・アゥ・ウン(tu-aw-un)」
＝「峰の・角、枝分かれ・にある（ところ）」","jomon2_bnum18.html"
"揚州","淮","「淮海惟揚州。彭蠡既豬，陽鳥攸居。三江既入，震澤厎定。篠、簜既敷，厥草惟夭，厥木惟喬。厥土惟塗泥。厥田唯下下，厥賦下上，上錯。厥貢惟金三品，瑤、琨、篠、簜、齒、革、羽毛惟木。鳥夷卉服。厥篚織貝，厥包橘柚，錫貢。沿于江、海，達于淮、泗。」","「淮河から海にいたる地域が、揚州である。彭蠡の水は一箇所に集まり、渡り鳥がそこに落ち着いて住めるようになった。三江が海へと流れ込み、震澤の水害も収まって安定した。篠や簜が一面に茂り、その草は非常に青々と生い茂り、木々は高くまっすぐに伸びた。この地の土は泥である。田畑の等級は「下下」であるが、税の等級は「下上」であり、年によってはさらに上の等級が混じることもある。その貢物は、三品の金属、瑶や琨、篠・簜、象牙、皮革、羽毛、獣の毛、そして木材である。ここに住む鳥夷は、草で編んだ衣服を着ている。竹籠に詰めた貝紫の織物、および包みにした橘や柚は、命じられたときにだけ献上する。これらを都に運ぶ際は、長江や海を沿うように下り、淮河や泗水に到達して都へと向かう。」","中国を東西に流れる大河淮河。徐州の南側の境界線。","上古音：「淮」ɡʰ wær／ɣ oəi／ɣ uəd／ɡ rwər／gw rəd","アイヌ語：「淮」
＝「キル・アッ(kir-at)」
＝「山脚が・たくさんある（ところ）」","jomon2_bnum18.html"
"揚州","彭蠡","「淮海惟揚州。彭蠡既豬，陽鳥攸居。三江既入，震澤厎定。篠、簜既敷，厥草惟夭，厥木惟喬。厥土惟塗泥。厥田唯下下，厥賦下上，上錯。厥貢惟金三品，瑤、琨、篠、簜、齒、革、羽毛惟木。鳥夷卉服。厥篚織貝，厥包橘柚，錫貢。沿于江、海，達于淮、泗。」","「淮河から海にいたる地域が、揚州である。彭蠡の水は一箇所に集まり、渡り鳥がそこに落ち着いて住めるようになった。三江が海へと流れ込み、震澤の水害も収まって安定した。篠や簜が一面に茂り、その草は非常に青々と生い茂り、木々は高くまっすぐに伸びた。この地の土は泥である。田畑の等級は「下下」であるが、税の等級は「下上」であり、年によってはさらに上の等級が混じることもある。その貢物は、三品の金属、瑶や琨、篠・簜、象牙、皮革、羽毛、獣の毛、そして木材である。ここに住む鳥夷は、草で編んだ衣服を着ている。竹籠に詰めた貝紫の織物、および包みにした橘や柚は、命じられたときにだけ献上する。これらを都に運ぶ際は、長江や海を沿うように下り、淮河や泗水に到達して都へと向かう。」","鄱陽湖。江西省にある中国最大の淡水湖。当時は現在よりも北側に位置する巨大な湿地帯。","上古音：「彭」bʰ ăŋ／b eaŋ／bʰ uăŋ／b rwaŋ／b rang
上古音：「蠡」- -／l iei／l ieɡ／l eɣ／l igx","アイヌ語：「彭蠡」
＝「プ・アゥ・ウン・リ・アク(pu-aw-un-ri-ak)」
＝「倉の（屋根のような三角山の）・角、枝分かれ・にある・高い・弟の（ように小さいもの）」","jomon2_bnum18.html"
"揚州","三江","「淮海惟揚州。彭蠡既豬，陽鳥攸居。三江既入，震澤厎定。篠、簜既敷，厥草惟夭，厥木惟喬。厥土惟塗泥。厥田唯下下，厥賦下上，上錯。厥貢惟金三品，瑤、琨、篠、簜、齒、革、羽毛惟木。鳥夷卉服。厥篚織貝，厥包橘柚，錫貢。沿于江、海，達于淮、泗。」","「淮河から海にいたる地域が、揚州である。彭蠡の水は一箇所に集まり、渡り鳥がそこに落ち着いて住めるようになった。三江が海へと流れ込み、震澤の水害も収まって安定した。篠や簜が一面に茂り、その草は非常に青々と生い茂り、木々は高くまっすぐに伸びた。この地の土は泥である。田畑の等級は「下下」であるが、税の等級は「下上」であり、年によってはさらに上の等級が混じることもある。その貢物は、三品の金属、瑶や琨、篠・簜、象牙、皮革、羽毛、獣の毛、そして木材である。ここに住む鳥夷は、草で編んだ衣服を着ている。竹籠に詰めた貝紫の織物、および包みにした橘や柚は、命じられたときにだけ献上する。これらを都に運ぶ際は、長江や海を沿うように下り、淮河や泗水に到達して都へと向かう。」","長江が太湖周辺で海へ流れ込む際の3つの広大な分流、あるいは太湖から海へ注ぐ3つの川（松江・婁江・東江）。","上古音：「三」s əm／s əm／s ə̂m／s əm／s əm
上古音：「江」k ŭŋ／k eɔŋ／k uŋ／k rewŋ／k rung","アイヌ語：「三江」
＝「シル・アム・ク・アゥ・ウン(sir-am-ku-aw-un)」
＝「山の・爪の（ように平べったく鋭い）・矢の（ように鋭い峰の）・角、枝分かれ・にある（ところ）」
※アイヌ語「ク＝弓」。朝鮮半島では「ク＝矢」の可能性。サハリン、シベリアのニヴフ（ギリヤーク）語も「ク＝矢」。","jomon2_bnum18.html"
"揚州","震澤","「淮海惟揚州。彭蠡既豬，陽鳥攸居。三江既入，震澤厎定。篠、簜既敷，厥草惟夭，厥木惟喬。厥土惟塗泥。厥田唯下下，厥賦下上，上錯。厥貢惟金三品，瑤、琨、篠、簜、齒、革、羽毛惟木。鳥夷卉服。厥篚織貝，厥包橘柚，錫貢。沿于江、海，達于淮、泗。」","「淮河から海にいたる地域が、揚州である。彭蠡の水は一箇所に集まり、渡り鳥がそこに落ち着いて住めるようになった。三江が海へと流れ込み、震澤の水害も収まって安定した。篠や簜が一面に茂り、その草は非常に青々と生い茂り、木々は高くまっすぐに伸びた。この地の土は泥である。田畑の等級は「下下」であるが、税の等級は「下上」であり、年によってはさらに上の等級が混じることもある。その貢物は、三品の金属、瑶や琨、篠・簜、象牙、皮革、羽毛、獣の毛、そして木材である。ここに住む鳥夷は、草で編んだ衣服を着ている。竹籠に詰めた貝紫の織物、および包みにした橘や柚は、命じられたときにだけ献上する。これらを都に運ぶ際は、長江や海を沿うように下り、淮河や泗水に到達して都へと向かう。」","太湖。江蘇省と浙江省の境界に位置する、中国を代表する大淡水湖「底まる」とは、治水によって水位が安定したことを意味します。","上古音：「震」 ȶ i̯ən／ȶ ǐən／ȶ jən／t jiən／t jiənh
上古音：「澤」dʰ ăk／d eak／dʰ ăk／d rak／d rak","アイヌ語：「震澤」
＝「テュ・エ・エン・タク(tu-e-en-tak)」
＝「峰が・そこで・突き出ている・石」","jomon2_bnum18.html"
"揚州","江","「淮海惟揚州。彭蠡既豬，陽鳥攸居。三江既入，震澤厎定。篠、簜既敷，厥草惟夭，厥木惟喬。厥土惟塗泥。厥田唯下下，厥賦下上，上錯。厥貢惟金三品，瑤、琨、篠、簜、齒、革、羽毛惟木。鳥夷卉服。厥篚織貝，厥包橘柚，錫貢。沿于江、海，達于淮、泗。」","「淮河から海にいたる地域が、揚州である。彭蠡の水は一箇所に集まり、渡り鳥がそこに落ち着いて住めるようになった。三江が海へと流れ込み、震澤の水害も収まって安定した。篠や簜が一面に茂り、その草は非常に青々と生い茂り、木々は高くまっすぐに伸びた。この地の土は泥である。田畑の等級は「下下」であるが、税の等級は「下上」であり、年によってはさらに上の等級が混じることもある。その貢物は、三品の金属、瑶や琨、篠・簜、象牙、皮革、羽毛、獣の毛、そして木材である。ここに住む鳥夷は、草で編んだ衣服を着ている。竹籠に詰めた貝紫の織物、および包みにした橘や柚は、命じられたときにだけ献上する。これらを都に運ぶ際は、長江や海を沿うように下り、淮河や泗水に到達して都へと向かう。」","長江。物産（貢物）を中央へ運ぶための主要な水上ルート（交通路）。","上古音：「江」k ŭŋ／k eɔŋ／k uŋ／k rewŋ／k rung","アイヌ語：「江」＝「ク・アゥ・ウン(ku-aw-un)」
＝「矢の（ように鋭い峰の）・角、枝分かれ・にある（ところ）」
※アイヌ語「ク＝弓」。朝鮮半島では「ク＝矢」の可能性。サハリン、シベリアのニヴフ（ギリヤーク）語も「ク＝矢」。","jomon2_bnum18.html"
"揚州","泗","「淮海惟揚州。彭蠡既豬，陽鳥攸居。三江既入，震澤厎定。篠、簜既敷，厥草惟夭，厥木惟喬。厥土惟塗泥。厥田唯下下，厥賦下上，上錯。厥貢惟金三品，瑤、琨、篠、簜、齒、革、羽毛惟木。鳥夷卉服。厥篚織貝，厥包橘柚，錫貢。沿于江、海，達于淮、泗。」","「淮河から海にいたる地域が、揚州である。彭蠡の水は一箇所に集まり、渡り鳥がそこに落ち着いて住めるようになった。三江が海へと流れ込み、震澤の水害も収まって安定した。篠や簜が一面に茂り、その草は非常に青々と生い茂り、木々は高くまっすぐに伸びた。この地の土は泥である。田畑の等級は「下下」であるが、税の等級は「下上」であり、年によってはさらに上の等級が混じることもある。その貢物は、三品の金属、瑶や琨、篠・簜、象牙、皮革、羽毛、獣の毛、そして木材である。ここに住む鳥夷は、草で編んだ衣服を着ている。竹籠に詰めた貝紫の織物、および包みにした橘や柚は、命じられたときにだけ献上する。これらを都に運ぶ際は、長江や海を沿うように下り、淮河や泗水に到達して都へと向かう。」","泗水。山東省から南下して淮河に合流していた川。揚州から長江・海・淮河を経て、中央（現在の山東・河南方面）へ北上するための重要な連絡水路。","上古音：「泗」s i̯əd／s ǐei／s jed／s jier／s jidh","アイヌ語：「泗」
＝「シル・アッ(sir-at)」
＝「山が・たくさんある（ところ）」","jomon2_bnum18.html"
"荊州","荊","「荊及衡陽惟荊州。江、漢朝宗于海，九江孔殷，沱、潛既道，雲土夢作乂。厥土惟塗泥，厥田惟下中，厥賦上下。厥貢羽、毛、齒、革、惟金三品，杶、幹、栝、柏，礪砥、砮、丹、惟箘簬、楛。三邦厎貢。厥名包匭菁茅。厥篚玄纁璣組。九江納錫大龜。浮于江、沱、潛、漢，逾于洛，至于南河。」","「荊山から衡山の南までが、荊州の地域である。長江と漢水は、まるで諸侯が天子に拝謁するように東の海へと流れ込んでおり、九本の川もすっかり整備されて正しく流れるようになった。長江の支流である沱水や潜水もすでに本来の川筋を通り、雲夢沢の広大な湿地も、干上がって農業や居住ができる土地になった。この土地の土質は、泥混じりの湿った粘土である。田の等級は九等中の第8等（下中）であるが、収穫量に応じた賦税の等級は、それよりも高く九等中の第3等（上下）に設定されている。貢納物としては、鳥の羽、獣の毛、象牙、皮革、三種の金属（金・銀・銅）、杶、榦、栝、柏といった弓の材料になる木材、そして砥石、矢尻にするための鋭い石、青色の顔料、さらに箘、簵、楛といった矢の柄になる優れた竹や木が納められた。これらについては、江漢の地にある三つの国がその名産品を選び抜いて定命の貢物とした。また、神事に用いる菁茅を箱に詰めて縛り、黒色や赤黄色の細帯や、穴の開いた美しい真珠を編んだ組紐を丸籠に入れて納めた。さらに九江の地方からは、占いに使う特大の亀が特別に献上された。これらの貢納物は、長江、沱水、潜水、漢水へと船で浮かべ、陸路で洛水へと担ぎ越え、さらに南河に出て、帝都へと運ばれた。」","荊山。湖北省襄陽市（南漳県）にある山。荊州の北の起点。","上古音：「荊」k i̯ĕŋ／k ǐeŋ／k jĕŋ／k ieŋ／k jing","アイヌ語：「荊」
＝「キル・エ・エン(kir-e-en)」
＝「山脚が・そこで・突き出ている（ところ）」","jomon2_bnum18.html"
"荊州","衡","「荊及衡陽惟荊州。江、漢朝宗于海，九江孔殷，沱、潛既道，雲土夢作乂。厥土惟塗泥，厥田惟下中，厥賦上下。厥貢羽、毛、齒、革、惟金三品，杶、幹、栝、柏，礪砥、砮、丹、惟箘簬、楛。三邦厎貢。厥名包匭菁茅。厥篚玄纁璣組。九江納錫大龜。浮于江、沱、潛、漢，逾于洛，至于南河。」","「荊山から衡山の南までが、荊州の地域である。長江と漢水は、まるで諸侯が天子に拝謁するように東の海へと流れ込んでおり、九本の川もすっかり整備されて正しく流れるようになった。長江の支流である沱水や潜水もすでに本来の川筋を通り、雲夢沢の広大な湿地も、干上がって農業や居住ができる土地になった。この土地の土質は、泥混じりの湿った粘土である。田の等級は九等中の第8等（下中）であるが、収穫量に応じた賦税の等級は、それよりも高く九等中の第3等（上下）に設定されている。貢納物としては、鳥の羽、獣の毛、象牙、皮革、三種の金属（金・銀・銅）、杶、榦、栝、柏といった弓の材料になる木材、そして砥石、矢尻にするための鋭い石、青色の顔料、さらに箘、簵、楛といった矢の柄になる優れた竹や木が納められた。これらについては、江漢の地にある三つの国がその名産品を選び抜いて定命の貢物とした。また、神事に用いる菁茅を箱に詰めて縛り、黒色や赤黄色の細帯や、穴の開いた美しい真珠を編んだ組紐を丸籠に入れて納めた。さらに九江の地方からは、占いに使う特大の亀が特別に献上された。これらの貢納物は、長江、沱水、潜水、漢水へと船で浮かべ、陸路で洛水へと担ぎ越え、さらに南河に出て、帝都へと運ばれた。」","衡山。湖南省衡陽市にある山。荊州の南の起点。","上古音：「衡」ɡʰ ăŋ／ɣ eaŋ／ɣ ăŋ／ɡ raŋ／g rang","アイヌ語：「衡」
＝「キル・アゥ・ウン(kir-aw-un)」
＝「山脚の・角、枝分かれ・にある（ところ）」","jomon2_bnum18.html"
"荊州","江","「荊及衡陽惟荊州。江、漢朝宗于海，九江孔殷，沱、潛既道，雲土夢作乂。厥土惟塗泥，厥田惟下中，厥賦上下。厥貢羽、毛、齒、革、惟金三品，杶、幹、栝、柏，礪砥、砮、丹、惟箘簬、楛。三邦厎貢。厥名包匭菁茅。厥篚玄纁璣組。九江納錫大龜。浮于江、沱、潛、漢，逾于洛，至于南河。」","「荊山から衡山の南までが、荊州の地域である。長江と漢水は、まるで諸侯が天子に拝謁するように東の海へと流れ込んでおり、九本の川もすっかり整備されて正しく流れるようになった。長江の支流である沱水や潜水もすでに本来の川筋を通り、雲夢沢の広大な湿地も、干上がって農業や居住ができる土地になった。この土地の土質は、泥混じりの湿った粘土である。田の等級は九等中の第8等（下中）であるが、収穫量に応じた賦税の等級は、それよりも高く九等中の第3等（上下）に設定されている。貢納物としては、鳥の羽、獣の毛、象牙、皮革、三種の金属（金・銀・銅）、杶、榦、栝、柏といった弓の材料になる木材、そして砥石、矢尻にするための鋭い石、青色の顔料、さらに箘、簵、楛といった矢の柄になる優れた竹や木が納められた。これらについては、江漢の地にある三つの国がその名産品を選び抜いて定命の貢物とした。また、神事に用いる菁茅を箱に詰めて縛り、黒色や赤黄色の細帯や、穴の開いた美しい真珠を編んだ組紐を丸籠に入れて納めた。さらに九江の地方からは、占いに使う特大の亀が特別に献上された。これらの貢納物は、長江、沱水、潜水、漢水へと船で浮かべ、陸路で洛水へと担ぎ越え、さらに南河に出て、帝都へと運ばれた。」","長江。物産（貢物）を中央へ運ぶための主要な水上ルート（交通路）。","上古音：「江」k ŭŋ／k eɔŋ／k uŋ／k rewŋ／k rung","アイヌ語：「江」＝「ク・アゥ・ウン(ku-aw-un)」
＝「矢の（ように鋭い峰の）・角、枝分かれ・にある（ところ）」
※アイヌ語「ク＝弓」。朝鮮半島では「ク＝矢」の可能性。サハリン、シベリアのニヴフ（ギリヤーク）語も「ク＝矢」。","jomon2_bnum18.html"
"荊州","漢","「荊及衡陽惟荊州。江、漢朝宗于海，九江孔殷，沱、潛既道，雲土夢作乂。厥土惟塗泥，厥田惟下中，厥賦上下。厥貢羽、毛、齒、革、惟金三品，杶、幹、栝、柏，礪砥、砮、丹、惟箘簬、楛。三邦厎貢。厥名包匭菁茅。厥篚玄纁璣組。九江納錫大龜。浮于江、沱、潛、漢，逾于洛，至于南河。」","「荊山から衡山の南までが、荊州の地域である。長江と漢水は、まるで諸侯が天子に拝謁するように東の海へと流れ込んでおり、九本の川もすっかり整備されて正しく流れるようになった。長江の支流である沱水や潜水もすでに本来の川筋を通り、雲夢沢の広大な湿地も、干上がって農業や居住ができる土地になった。この土地の土質は、泥混じりの湿った粘土である。田の等級は九等中の第8等（下中）であるが、収穫量に応じた賦税の等級は、それよりも高く九等中の第3等（上下）に設定されている。貢納物としては、鳥の羽、獣の毛、象牙、皮革、三種の金属（金・銀・銅）、杶、榦、栝、柏といった弓の材料になる木材、そして砥石、矢尻にするための鋭い石、青色の顔料、さらに箘、簵、楛といった矢の柄になる優れた竹や木が納められた。これらについては、江漢の地にある三つの国がその名産品を選び抜いて定命の貢物とした。また、神事に用いる菁茅を箱に詰めて縛り、黒色や赤黄色の細帯や、穴の開いた美しい真珠を編んだ組紐を丸籠に入れて納めた。さらに九江の地方からは、占いに使う特大の亀が特別に献上された。これらの貢納物は、長江、沱水、潜水、漢水へと船で浮かべ、陸路で洛水へと担ぎ越え、さらに南河に出て、帝都へと運ばれた。」","漢江。陝西省から湖北省へと流れ、武漢市で長江に合流する大支流。","上古音：「漢」x ɑn／h an／x ɑn／x an／h anh","アイヌ語：「漢」
＝「シル・アゥ・ウン(sir-aw-un)」
＝「山の・角・枝分かれ・にある（ところ）」","jomon2_bnum18.html"
"荊州","九江","「荊及衡陽惟荊州。江、漢朝宗于海，九江孔殷，沱、潛既道，雲土夢作乂。厥土惟塗泥，厥田惟下中，厥賦上下。厥貢羽、毛、齒、革、惟金三品，杶、幹、栝、柏，礪砥、砮、丹、惟箘簬、楛。三邦厎貢。厥名包匭菁茅。厥篚玄纁璣組。九江納錫大龜。浮于江、沱、潛、漢，逾于洛，至于南河。」","「荊山から衡山の南までが、荊州の地域である。長江と漢水は、まるで諸侯が天子に拝謁するように東の海へと流れ込んでおり、九本の川もすっかり整備されて正しく流れるようになった。長江の支流である沱水や潜水もすでに本来の川筋を通り、雲夢沢の広大な湿地も、干上がって農業や居住ができる土地になった。この土地の土質は、泥混じりの湿った粘土である。田の等級は九等中の第8等（下中）であるが、収穫量に応じた賦税の等級は、それよりも高く九等中の第3等（上下）に設定されている。貢納物としては、鳥の羽、獣の毛、象牙、皮革、三種の金属（金・銀・銅）、杶、榦、栝、柏といった弓の材料になる木材、そして砥石、矢尻にするための鋭い石、青色の顔料、さらに箘、簵、楛といった矢の柄になる優れた竹や木が納められた。これらについては、江漢の地にある三つの国がその名産品を選び抜いて定命の貢物とした。また、神事に用いる菁茅を箱に詰めて縛り、黒色や赤黄色の細帯や、穴の開いた美しい真珠を編んだ組紐を丸籠に入れて納めた。さらに九江の地方からは、占いに使う特大の亀が特別に献上された。これらの貢納物は、長江、沱水、潜水、漢水へと船で浮かべ、陸路で洛水へと担ぎ越え、さらに南河に出て、帝都へと運ばれた。」","洞庭湖周辺の水系。長江中流域にある無数の分流や湖沼群。一般的には、現在の湖南省にある洞庭湖、あるいはそれに流入する多数の河川。","上古音：「九」k i̯ŭɡ／k ǐu／k jŏɡ／k jəw／k jəgwx
上古音：「江」k ŭŋ／k eɔŋ／k uŋ／k rewŋ／k rung","アイヌ語：「九江」＝「キル・アク・ク・アゥ・ウン(kir-ak-ku-aw-un)」
＝「山脚の・弟の（ように小さい）・矢の（ように鋭い峰の）・角、枝分かれ・にある（ところ）」
※アイヌ語「ク＝弓」。朝鮮半島では「ク＝矢」の可能性。サハリン、シベリアのニヴフ（ギリヤーク）語も「ク＝矢」。","jomon2_bnum18.html"
"荊州","沱","「荊及衡陽惟荊州。江、漢朝宗于海，九江孔殷，沱、潛既道，雲土夢作乂。厥土惟塗泥，厥田惟下中，厥賦上下。厥貢羽、毛、齒、革、惟金三品，杶、幹、栝、柏，礪砥、砮、丹、惟箘簬、楛。三邦厎貢。厥名包匭菁茅。厥篚玄纁璣組。九江納錫大龜。浮于江、沱、潛、漢，逾于洛，至于南河。」","「荊山から衡山の南までが、荊州の地域である。長江と漢水は、まるで諸侯が天子に拝謁するように東の海へと流れ込んでおり、九本の川もすっかり整備されて正しく流れるようになった。長江の支流である沱水や潜水もすでに本来の川筋を通り、雲夢沢の広大な湿地も、干上がって農業や居住ができる土地になった。この土地の土質は、泥混じりの湿った粘土である。田の等級は九等中の第8等（下中）であるが、収穫量に応じた賦税の等級は、それよりも高く九等中の第3等（上下）に設定されている。貢納物としては、鳥の羽、獣の毛、象牙、皮革、三種の金属（金・銀・銅）、杶、榦、栝、柏といった弓の材料になる木材、そして砥石、矢尻にするための鋭い石、青色の顔料、さらに箘、簵、楛といった矢の柄になる優れた竹や木が納められた。これらについては、江漢の地にある三つの国がその名産品を選び抜いて定命の貢物とした。また、神事に用いる菁茅を箱に詰めて縛り、黒色や赤黄色の細帯や、穴の開いた美しい真珠を編んだ組紐を丸籠に入れて納めた。さらに九江の地方からは、占いに使う特大の亀が特別に献上された。これらの貢納物は、長江、沱水、潜水、漢水へと船で浮かべ、陸路で洛水へと担ぎ越え、さらに南河に出て、帝都へと運ばれた。」","長江の分流・支流長江。から枝分かれした、あるいは長江に流れ込む水路の一つ。四川省の沱江とは異なる。","上古音：「沱」dʰ ɑ／d ai／dʰ ɑ／d a／d ar","アイヌ語：「沱」＝「テュ・アゥ(tu-aw)」
＝「峰の・角、枝分かれ」","jomon2_bnum18.html"
"荊州","潛","「荊及衡陽惟荊州。江、漢朝宗于海，九江孔殷，沱、潛既道，雲土夢作乂。厥土惟塗泥，厥田惟下中，厥賦上下。厥貢羽、毛、齒、革、惟金三品，杶、幹、栝、柏，礪砥、砮、丹、惟箘簬、楛。三邦厎貢。厥名包匭菁茅。厥篚玄纁璣組。九江納錫大龜。浮于江、沱、潛、漢，逾于洛，至于南河。」","「荊山から衡山の南までが、荊州の地域である。長江と漢水は、まるで諸侯が天子に拝謁するように東の海へと流れ込んでおり、九本の川もすっかり整備されて正しく流れるようになった。長江の支流である沱水や潜水もすでに本来の川筋を通り、雲夢沢の広大な湿地も、干上がって農業や居住ができる土地になった。この土地の土質は、泥混じりの湿った粘土である。田の等級は九等中の第8等（下中）であるが、収穫量に応じた賦税の等級は、それよりも高く九等中の第3等（上下）に設定されている。貢納物としては、鳥の羽、獣の毛、象牙、皮革、三種の金属（金・銀・銅）、杶、榦、栝、柏といった弓の材料になる木材、そして砥石、矢尻にするための鋭い石、青色の顔料、さらに箘、簵、楛といった矢の柄になる優れた竹や木が納められた。これらについては、江漢の地にある三つの国がその名産品を選び抜いて定命の貢物とした。また、神事に用いる菁茅を箱に詰めて縛り、黒色や赤黄色の細帯や、穴の開いた美しい真珠を編んだ組紐を丸籠に入れて納めた。さらに九江の地方からは、占いに使う特大の亀が特別に献上された。これらの貢納物は、長江、沱水、潜水、漢水へと船で浮かべ、陸路で洛水へと担ぎ越え、さらに南河に出て、帝都へと運ばれた。」","漢江の分流・支流。漢江から枝分かれして長江へと繋がっていたとされる、湖北省境内の古い水路。","上古音：「潛」dzʰ i̯æm／dz ǐəm／dzʰ jəm／- -／dz jiəm","アイヌ語：「潛」
＝「テュ・イ・アム(tu-i-am)」
＝「峰・その・爪の（ように平べったく鋭いもの）」","jomon2_bnum18.html"
"荊州","雲土夢","「荊及衡陽惟荊州。江、漢朝宗于海，九江孔殷，沱、潛既道，雲土夢作乂。厥土惟塗泥，厥田惟下中，厥賦上下。厥貢羽、毛、齒、革、惟金三品，杶、幹、栝、柏，礪砥、砮、丹、惟箘簬、楛。三邦厎貢。厥名包匭菁茅。厥篚玄纁璣組。九江納錫大龜。浮于江、沱、潛、漢，逾于洛，至于南河。」","「荊山から衡山の南までが、荊州の地域である。長江と漢水は、まるで諸侯が天子に拝謁するように東の海へと流れ込んでおり、九本の川もすっかり整備されて正しく流れるようになった。長江の支流である沱水や潜水もすでに本来の川筋を通り、雲夢沢の広大な湿地も、干上がって農業や居住ができる土地になった。この土地の土質は、泥混じりの湿った粘土である。田の等級は九等中の第8等（下中）であるが、収穫量に応じた賦税の等級は、それよりも高く九等中の第3等（上下）に設定されている。貢納物としては、鳥の羽、獣の毛、象牙、皮革、三種の金属（金・銀・銅）、杶、榦、栝、柏といった弓の材料になる木材、そして砥石、矢尻にするための鋭い石、青色の顔料、さらに箘、簵、楛といった矢の柄になる優れた竹や木が納められた。これらについては、江漢の地にある三つの国がその名産品を選び抜いて定命の貢物とした。また、神事に用いる菁茅を箱に詰めて縛り、黒色や赤黄色の細帯や、穴の開いた美しい真珠を編んだ組紐を丸籠に入れて納めた。さらに九江の地方からは、占いに使う特大の亀が特別に献上された。これらの貢納物は、長江、沱水、潜水、漢水へと船で浮かべ、陸路で洛水へと担ぎ越え、さらに南河に出て、帝都へと運ばれた。」","雲夢沢。かつて湖北省一帯に広がっていた巨大な沼沢地。","上古音：「雲」ɡ i̯wən／ɣ ǐwən／ɣ juə̆n／ɣ jwən／gw jən
上古音：「土」tʰ o／tʰ a／tʰ ɑɡ／tʰ aɣ／th agx
上古音：「土」dʰ o／- -／- -／d aɣ／- -
上古音：「夢」m i̯ŭŋ／m ǐwəŋ／m juə̆ŋ／m jwəŋ／m jəngh","アイヌ語：「雲土夢」
＝「キル・アゥ・ウン・タク・ムィ・アゥ・ウン(kir-aw-un-tak-muy-aw-un)」
＝「山脚の・角、枝分かれ・にある・石の・頂の・角・枝分かれ」","jomon2_bnum18.html"
"荊州","洛","「荊及衡陽惟荊州。江、漢朝宗于海，九江孔殷，沱、潛既道，雲土夢作乂。厥土惟塗泥，厥田惟下中，厥賦上下。厥貢羽、毛、齒、革、惟金三品，杶、幹、栝、柏，礪砥、砮、丹、惟箘簬、楛。三邦厎貢。厥名包匭菁茅。厥篚玄纁璣組。九江納錫大龜。浮于江、沱、潛、漢，逾于洛，至于南河。」","「荊山から衡山の南までが、荊州の地域である。長江と漢水は、まるで諸侯が天子に拝謁するように東の海へと流れ込んでおり、九本の川もすっかり整備されて正しく流れるようになった。長江の支流である沱水や潜水もすでに本来の川筋を通り、雲夢沢の広大な湿地も、干上がって農業や居住ができる土地になった。この土地の土質は、泥混じりの湿った粘土である。田の等級は九等中の第8等（下中）であるが、収穫量に応じた賦税の等級は、それよりも高く九等中の第3等（上下）に設定されている。貢納物としては、鳥の羽、獣の毛、象牙、皮革、三種の金属（金・銀・銅）、杶、榦、栝、柏といった弓の材料になる木材、そして砥石、矢尻にするための鋭い石、青色の顔料、さらに箘、簵、楛といった矢の柄になる優れた竹や木が納められた。これらについては、江漢の地にある三つの国がその名産品を選び抜いて定命の貢物とした。また、神事に用いる菁茅を箱に詰めて縛り、黒色や赤黄色の細帯や、穴の開いた美しい真珠を編んだ組紐を丸籠に入れて納めた。さらに九江の地方からは、占いに使う特大の亀が特別に献上された。これらの貢納物は、長江、沱水、潜水、漢水へと船で浮かべ、陸路で洛水へと担ぎ越え、さらに南河に出て、帝都へと運ばれた。」","洛河。陝西省・河南省を流れ、黄河に注ぐ川。","上古音：「洛」ɡl ɑk／l ak／l ɑk／l ak／gl ak","アイヌ語：「洛」
＝「ル・アク(ru-ak)」
＝「消えかかっている・弟（のように小さい峰）」","jomon2_bnum18.html"
"荊州","南河","「荊及衡陽惟荊州。江、漢朝宗于海，九江孔殷，沱、潛既道，雲土夢作乂。厥土惟塗泥，厥田惟下中，厥賦上下。厥貢羽、毛、齒、革、惟金三品，杶、幹、栝、柏，礪砥、砮、丹、惟箘簬、楛。三邦厎貢。厥名包匭菁茅。厥篚玄纁璣組。九江納錫大龜。浮于江、沱、潛、漢，逾于洛，至于南河。」","「荊山から衡山の南までが、荊州の地域である。長江と漢水は、まるで諸侯が天子に拝謁するように東の海へと流れ込んでおり、九本の川もすっかり整備されて正しく流れるようになった。長江の支流である沱水や潜水もすでに本来の川筋を通り、雲夢沢の広大な湿地も、干上がって農業や居住ができる土地になった。この土地の土質は、泥混じりの湿った粘土である。田の等級は九等中の第8等（下中）であるが、収穫量に応じた賦税の等級は、それよりも高く九等中の第3等（上下）に設定されている。貢納物としては、鳥の羽、獣の毛、象牙、皮革、三種の金属（金・銀・銅）、杶、榦、栝、柏といった弓の材料になる木材、そして砥石、矢尻にするための鋭い石、青色の顔料、さらに箘、簵、楛といった矢の柄になる優れた竹や木が納められた。これらについては、江漢の地にある三つの国がその名産品を選び抜いて定命の貢物とした。また、神事に用いる菁茅を箱に詰めて縛り、黒色や赤黄色の細帯や、穴の開いた美しい真珠を編んだ組紐を丸籠に入れて納めた。さらに九江の地方からは、占いに使う特大の亀が特別に献上された。これらの貢納物は、長江、沱水、潜水、漢水へと船で浮かべ、陸路で洛水へと担ぎ越え、さらに南河に出て、帝都へと運ばれた。」","南河。黄河の南部。洛河と合流した後の黄河の本流。","上古音：「南」n əm／n əm／n ə̂m／n əm／n əm
上古音：「河」ɡʰɑ／ɣai／ɣɑ／ɡa／gar","アイヌ語：「南河」
＝「ニ・アム・キル・アゥ(ni-am-kir-aw)」
＝「棒の（ように細長い）・爪の（ように平べったく鋭い）・山脚の・角、枝分かれ」","jomon2_bnum18.html"
"豫州","豫（州）","「荊、河惟豫州。伊洛瀍澗、既入于河、滎波既豬。導菏澤、被孟豬。厥土惟壤、下土墳壚。厥田惟中上、厥賦錯上中。厥貢漆、枲、絺、紵。厥篚纖纊、錫貢磬錯。浮于洛、達于河。」","「荊山から黄河にいたる地域が豫州である。伊水・洛水・瀍水・澗水は、すべて黄河へと流れ込むようになった。滎波の水も堰き止められ、貯水池となった。菏澤の水を導き、その水は孟豬の沼沢地へと流れ込ませた。この地域の土質は柔らかな肥土であり、低地は盛り上がった黒く硬い粘土である。田の等級は「中上」（4等）である。税金の等級は「上中」（2等）であり、時に3等が混じる。貢物は、漆、麻、葛の細布、からむし織りの布である。籠に入れて献上する上等な品は、細い絹織物と、引き綿である。また、必要に応じて磬を作るための砥石を貢いだ。水路による輸送は、洛水に舟を浮かべ、そこから黄河へと達する。」","豫州は、中原とも呼ばれ、現在の河南省中心に安徽省・山東省・河北省の一部にまたがる広大な平原地帯。","上古音：「豫」d io／ʎ ǐa／d jaɡ／r iaɣ／r agh","アイヌ語：「豫（州）」
＝「テュ・アク(tu-ak)」
＝「峰の・弟（のように小さいもの）」","jomon2_bnum18.html"
"豫州","荊","「荊、河惟豫州。伊洛瀍澗、既入于河、滎波既豬。導菏澤、被孟豬。厥土惟壤、下土墳壚。厥田惟中上、厥賦錯上中。厥貢漆、枲、絺、紵。厥篚纖纊、錫貢磬錯。浮于洛、達于河。」","「荊山から黄河にいたる地域が豫州である。伊水・洛水・瀍水・澗水は、すべて黄河へと流れ込むようになった。滎波の水も堰き止められ、貯水池となった。菏澤の水を導き、その水は孟豬の沼沢地へと流れ込ませた。この地域の土質は柔らかな肥土であり、低地は盛り上がった黒く硬い粘土である。田の等級は「中上」（4等）である。税金の等級は「上中」（2等）であり、時に3等が混じる。貢物は、漆、麻、葛の細布、からむし織りの布である。籠に入れて献上する上等な品は、細い絹織物と、引き綿である。また、必要に応じて磬を作るための砥石を貢いだ。水路による輸送は、洛水に舟を浮かべ、そこから黄河へと達する。」","荊山。湖北省襄陽市（南漳県）にある山。荊州の北の起点。","上古音：「荊」k i̯ĕŋ／k ǐeŋ／k jĕŋ／k ieŋ／k jing","アイヌ語：「荊」
＝「キル・エ・エン(kir-e-en)」
＝「山脚が・そこで・突き出ている（ところ）」","jomon2_bnum18.html"
"豫州","河","「荊、河惟豫州。伊洛瀍澗、既入于河、滎波既豬。導菏澤、被孟豬。厥土惟壤、下土墳壚。厥田惟中上、厥賦錯上中。厥貢漆、枲、絺、紵。厥篚纖纊、錫貢磬錯。浮于洛、達于河。」","「荊山から黄河にいたる地域が豫州である。伊水・洛水・瀍水・澗水は、すべて黄河へと流れ込むようになった。滎波の水も堰き止められ、貯水池となった。菏澤の水を導き、その水は孟豬の沼沢地へと流れ込ませた。この地域の土質は柔らかな肥土であり、低地は盛り上がった黒く硬い粘土である。田の等級は「中上」（4等）である。税金の等級は「上中」（2等）であり、時に3等が混じる。貢物は、漆、麻、葛の細布、からむし織りの布である。籠に入れて献上する上等な品は、細い絹織物と、引き綿である。また、必要に応じて磬を作るための砥石を貢いだ。水路による輸送は、洛水に舟を浮かべ、そこから黄河へと達する。」","黄河。","上古音：「河」ɡʰ ɑ／ɣ ai／ɣ ɑ／ɡ a／g ar","アイヌ語：「河」
＝「キル・アゥ(kir-aw)」
＝「山脚の・角、枝分かれ」","jomon2_bnum18.html"
"豫州","伊洛","「荊、河惟豫州。伊洛瀍澗、既入于河、滎波既豬。導菏澤、被孟豬。厥土惟壤、下土墳壚。厥田惟中上、厥賦錯上中。厥貢漆、枲、絺、紵。厥篚纖纊、錫貢磬錯。浮于洛、達于河。」","「荊山から黄河にいたる地域が豫州である。伊水・洛水・瀍水・澗水は、すべて黄河へと流れ込むようになった。滎波の水も堰き止められ、貯水池となった。菏澤の水を導き、その水は孟豬の沼沢地へと流れ込ませた。この地域の土質は柔らかな肥土であり、低地は盛り上がった黒く硬い粘土である。田の等級は「中上」（4等）である。税金の等級は「上中」（2等）であり、時に3等が混じる。貢物は、漆、麻、葛の細布、からむし織りの布である。籠に入れて献上する上等な品は、細い絹織物と、引き綿である。また、必要に応じて磬を作るための砥石を貢いだ。水路による輸送は、洛水に舟を浮かべ、そこから黄河へと達する。」","伊河。河南省を流れる川。洛陽の南を通って洛河に合流。洛河。陝西省から河南省へと流れ、黄河に注ぐ支流。","上古音：「伊」ʔ i̯ær／0 ǐei／ʔ jed／ʔ jier／· jid
上古音：「洛」ɡl ɑk／l ak／l ɑk／l ak／gl ak","アイヌ語：「伊洛」
＝「イ・アッ・ル・アク(i-at-ru-ak)」
＝「それが・たくさんある・消えかかった・弟（のように小さいもの）」","jomon2_bnum18.html"
"豫州","瀍澗","「荊、河惟豫州。伊洛瀍澗、既入于河、滎波既豬。導菏澤、被孟豬。厥土惟壤、下土墳壚。厥田惟中上、厥賦錯上中。厥貢漆、枲、絺、紵。厥篚纖纊、錫貢磬錯。浮于洛、達于河。」","「荊山から黄河にいたる地域が豫州である。伊水・洛水・瀍水・澗水は、すべて黄河へと流れ込むようになった。滎波の水も堰き止められ、貯水池となった。菏澤の水を導き、その水は孟豬の沼沢地へと流れ込ませた。この地域の土質は柔らかな肥土であり、低地は盛り上がった黒く硬い粘土である。田の等級は「中上」（4等）である。税金の等級は「上中」（2等）であり、時に3等が混じる。貢物は、漆、麻、葛の細布、からむし織りの布である。籠に入れて献上する上等な品は、細い絹織物と、引き綿である。また、必要に応じて磬を作るための砥石を貢いだ。水路による輸送は、洛水に舟を浮かべ、そこから黄河へと達する。」","瀍河。河南省洛陽市付近を流れる、洛河の小さな支流。澗河。河南省洛陽市付近を流れる、洛河の小さな支流。","上古音：「瀍」dian ／dian／dian／dian／drian
上古音：「澗」k an／k ean／k æn／k ran／k ranh","アイヌ語：「瀍澗」
＝「テュ・アゥ・ウン・ク・アゥ・ウン(tu-aw-un-ku-aw-un)」
＝「峰の・角、枝分かれ・にある（ところ）／矢の（ように鋭い峰の）・角、枝分かれ・にある（ところ）」
※アイヌ語「ク＝弓」。朝鮮半島では「ク＝矢」の可能性。サハリン、シベリアのニヴフ（ギリヤーク）語も「ク＝矢」。","jomon2_bnum18.html"
"豫州","滎波","「荊、河惟豫州。伊洛瀍澗、既入于河、滎波既豬。導菏澤、被孟豬。厥土惟壤、下土墳壚。厥田惟中上、厥賦錯上中。厥貢漆、枲、絺、紵。厥篚纖纊、錫貢磬錯。浮于洛、達于河。」","「荊山から黄河にいたる地域が豫州である。伊水・洛水・瀍水・澗水は、すべて黄河へと流れ込むようになった。滎波の水も堰き止められ、貯水池となった。菏澤の水を導き、その水は孟豬の沼沢地へと流れ込ませた。この地域の土質は柔らかな肥土であり、低地は盛り上がった黒く硬い粘土である。田の等級は「中上」（4等）である。税金の等級は「上中」（2等）であり、時に3等が混じる。貢物は、漆、麻、葛の細布、からむし織りの布である。籠に入れて献上する上等な品は、細い絹織物と、引き綿である。また、必要に応じて磬を作るための砥石を貢いだ。水路による輸送は、洛水に舟を浮かべ、そこから黄河へと達する。」","滎沢。河南省滎陽市（鄭州市の西）にかつて存在した、黄河と繋がる巨大な沼沢地（現在は消滅）。","上古音：「滎」- -／ɣ iweŋ／ɣ iueŋ／ɡ weŋ／g wing
上古音：「波」p wa／p uai／p uɑ／p wa／p ar","アイヌ語：「滎波」
＝「キル・エ・エン・プ・アゥ(kir-e-en-pu-aw)」
＝「山脚が・そこで・突き出ている・倉の（ような三角山の）・角、枝分かれ」","jomon2_bnum18.html"
"豫州","菏澤","「荊、河惟豫州。伊洛瀍澗、既入于河、滎波既豬。導菏澤、被孟豬。厥土惟壤、下土墳壚。厥田惟中上、厥賦錯上中。厥貢漆、枲、絺、紵。厥篚纖纊、錫貢磬錯。浮于洛、達于河。」","「荊山から黄河にいたる地域が豫州である。伊水・洛水・瀍水・澗水は、すべて黄河へと流れ込むようになった。滎波の水も堰き止められ、貯水池となった。菏澤の水を導き、その水は孟豬の沼沢地へと流れ込ませた。この地域の土質は柔らかな肥土であり、低地は盛り上がった黒く硬い粘土である。田の等級は「中上」（4等）である。税金の等級は「上中」（2等）であり、時に3等が混じる。貢物は、漆、麻、葛の細布、からむし織りの布である。籠に入れて献上する上等な品は、細い絹織物と、引き綿である。また、必要に応じて磬を作るための砥石を貢いだ。水路による輸送は、洛水に舟を浮かべ、そこから黄河へと達する。」","","上古音：「菏」- -／ɣ ai／ɣ ɑ／ɡ a／g ar
上古音：「澤」dʰ ăk／d eak／dʰ ăk／d rak／d rak","アイヌ語：「菏澤」
＝「キル・アゥ・テュ・アク(kir-aw-tu-ak)」
＝「山脚の・角、枝分かれの・峰の・弟（のように小さいもの）」","jomon2_bnum18.html"
"豫州","洛","「荊、河惟豫州。伊洛瀍澗、既入于河、滎波既豬。導菏澤、被孟豬。厥土惟壤、下土墳壚。厥田惟中上、厥賦錯上中。厥貢漆、枲、絺、紵。厥篚纖纊、錫貢磬錯。浮于洛、達于河。」","「荊山から黄河にいたる地域が豫州である。伊水・洛水・瀍水・澗水は、すべて黄河へと流れ込むようになった。滎波の水も堰き止められ、貯水池となった。菏澤の水を導き、その水は孟豬の沼沢地へと流れ込ませた。この地域の土質は柔らかな肥土であり、低地は盛り上がった黒く硬い粘土である。田の等級は「中上」（4等）である。税金の等級は「上中」（2等）であり、時に3等が混じる。貢物は、漆、麻、葛の細布、からむし織りの布である。籠に入れて献上する上等な品は、細い絹織物と、引き綿である。また、必要に応じて磬を作るための砥石を貢いだ。水路による輸送は、洛水に舟を浮かべ、そこから黄河へと達する。」","洛河。陝西省・河南省を流れ、黄河に注ぐ川。","上古音：「洛」ɡl ɑk／l ak／l ɑk／l ak／gl ak","アイヌ語：「洛」
＝「ル・アク(ru-ak)」
＝「消えかかっている・弟（のように小さい峰）」","jomon2_bnum18.html"
"梁州","梁（州）","「華陽、黑水惟梁州。岷、嶓既藝、沱、潛既道。蔡、蒙旅平、和夷厎績。厥土青黎。厥田惟下上、厥賦下中、三錯。厥貢璆、鐵、銀、鏤、砮、磬、熊、羆、狐、狸。織皮西傾、因桓是來、浮于潛、逾于沔、入于渭、亂于河。」","「華山（かざん）の南（華陽）から黒水（こくすい）にいたる地域が梁州である。岷山（みんざん）と嶓塚山（はちょうざん）はすでに耕作できるようになり、沱水（だすい）と潜水（せんすい）はすべて（治水され）本来の通路を流れるようになった。蔡山（さいざん）と蒙山（もうざん）の道は平らに整えられ、和夷（わい：現地の部族）の土地の開墾も成果を上げた。この地域の土質は青黒い肥土である。田の等級は「下上」（7等）である。税金の等級は「下中」（8等）であり、時に7等（下上）や9等（下下）が混じる。貢物は、美しい玉（璆）、鉄、銀、鏤（硬い鉄、または彫刻用の銅）、矢尻にする石（砮）、磬（けい：楽器）にする石、および熊・ヒグマ・狐・タヌキの毛皮、それらを織り込んだ皮製品である。西傾山（せいけいざん）からは桓水（かんすい）に拠ってこれ（貢物）が来る。水路による輸送は、潜水に舟を浮かべ、そこから陸路で沔水（べんすい）を越え、渭水（いすい）に入り、黄河へと合流する。」","現在の四川省、重慶市を中心とし、陝西省南部（漢中地方）や甘粛省・湖北省の一部にまたがる広大な盆地・山岳地帯（巴蜀地方）。","上古音：「梁」l i̯aŋ／l ǐaŋ／l jaŋ／l iaŋ／l jang","アイヌ語：「梁（州）」
＝「リ・アゥ・ウン(ri-aw-un)」
＝「高い・角、枝分かれ・にある（ところ）」","jomon2_bnum18.html"
"梁州","華陽","「華陽、黑水惟梁州。岷、嶓既藝、沱、潛既道。蔡、蒙旅平、和夷厎績。厥土青黎。厥田惟下上、厥賦下中、三錯。厥貢璆、鐵、銀、鏤、砮、磬、熊、羆、狐、狸。織皮西傾、因桓是來、浮于潛、逾于沔、入于渭、亂于河。」","「華山（かざん）の南（華陽）から黒水（こくすい）にいたる地域が梁州である。岷山（みんざん）と嶓塚山（はちょうざん）はすでに耕作できるようになり、沱水（だすい）と潜水（せんすい）はすべて（治水され）本来の通路を流れるようになった。蔡山（さいざん）と蒙山（もうざん）の道は平らに整えられ、和夷（わい：現地の部族）の土地の開墾も成果を上げた。この地域の土質は青黒い肥土である。田の等級は「下上」（7等）である。税金の等級は「下中」（8等）であり、時に7等（下上）や9等（下下）が混じる。貢物は、美しい玉（璆）、鉄、銀、鏤（硬い鉄、または彫刻用の銅）、矢尻にする石（砮）、磬（けい：楽器）にする石、および熊・ヒグマ・狐・タヌキの毛皮、それらを織り込んだ皮製品である。西傾山（せいけいざん）からは桓水（かんすい）に拠ってこれ（貢物）が来る。水路による輸送は、潜水に舟を浮かべ、そこから陸路で沔水（べんすい）を越え、渭水（いすい）に入り、黄河へと合流する。」","華山（陝西省）の南側。現在の陝西省商洛市一帯から秦嶺山脈の南側。","上古音：「華」ɡʰ wɔ／ɣ oa／ɣ uăɡ／ɡ rwaɣ／gw ragh
上古音：「華」- -／h oa／x uăɡ／x rwaɣ／hw rag
上古音：「陽」d i̯aŋ／ʎ ǐaŋ／d jaŋ／r iaŋ／r ang","アイヌ語：「華陽」
＝「キル・アク・テュ・アゥ・ウン(kir-ak-tu-aw-un)」
＝「山脚の・弟の（ように小さい）・角、枝分かれ・にある（ところ）」","jomon2_bnum18.html"
"梁州","黑水","「華陽、黑水惟梁州。岷、嶓既藝、沱、潛既道。蔡、蒙旅平、和夷厎績。厥土青黎。厥田惟下上、厥賦下中、三錯。厥貢璆、鐵、銀、鏤、砮、磬、熊、羆、狐、狸。織皮西傾、因桓是來、浮于潛、逾于沔、入于渭、亂于河。」","「華山（かざん）の南（華陽）から黒水（こくすい）にいたる地域が梁州である。岷山（みんざん）と嶓塚山（はちょうざん）はすでに耕作できるようになり、沱水（だすい）と潜水（せんすい）はすべて（治水され）本来の通路を流れるようになった。蔡山（さいざん）と蒙山（もうざん）の道は平らに整えられ、和夷（わい：現地の部族）の土地の開墾も成果を上げた。この地域の土質は青黒い肥土である。田の等級は「下上」（7等）である。税金の等級は「下中」（8等）であり、時に7等（下上）や9等（下下）が混じる。貢物は、美しい玉（璆）、鉄、銀、鏤（硬い鉄、または彫刻用の銅）、矢尻にする石（砮）、磬（けい：楽器）にする石、および熊・ヒグマ・狐・タヌキの毛皮、それらを織り込んだ皮製品である。西傾山（せいけいざん）からは桓水（かんすい）に拠ってこれ（貢物）が来る。水路による輸送は、潜水に舟を浮かべ、そこから陸路で沔水（べんすい）を越え、渭水（いすい）に入り、黄河へと合流する。」","諸説あり。梁州の西境・南境として一般に金沙江（長江の上流部）、または大渡河・瀘水など。","上古音：「黑」xm ək／h ək／m̥ uə̂k／xm ək／hm ək
上古音：「水」ɕ i̯wər／ɕ ǐwei／ç jued／stʰ jiwer／h rjidx","アイヌ語：「黑水」
＝「フム・アク・シル・アッ(hum-ak-sir-at)」
＝「断片の・弟の・山が・たくさんある（ところ）」","jomon2_bnum18.html"
"梁州","岷","「華陽、黑水惟梁州。岷、嶓既藝、沱、潛既道。蔡、蒙旅平、和夷厎績。厥土青黎。厥田惟下上、厥賦下中、三錯。厥貢璆、鐵、銀、鏤、砮、磬、熊、羆、狐、狸。織皮西傾、因桓是來、浮于潛、逾于沔、入于渭、亂于河。」","「華山（かざん）の南（華陽）から黒水（こくすい）にいたる地域が梁州である。岷山（みんざん）と嶓塚山（はちょうざん）はすでに耕作できるようになり、沱水（だすい）と潜水（せんすい）はすべて（治水され）本来の通路を流れるようになった。蔡山（さいざん）と蒙山（もうざん）の道は平らに整えられ、和夷（わい：現地の部族）の土地の開墾も成果を上げた。この地域の土質は青黒い肥土である。田の等級は「下上」（7等）である。税金の等級は「下中」（8等）であり、時に7等（下上）や9等（下下）が混じる。貢物は、美しい玉（璆）、鉄、銀、鏤（硬い鉄、または彫刻用の銅）、矢尻にする石（砮）、磬（けい：楽器）にする石、および熊・ヒグマ・狐・タヌキの毛皮、それらを織り込んだ皮製品である。西傾山（せいけいざん）からは桓水（かんすい）に拠ってこれ（貢物）が来る。水路による輸送は、潜水に舟を浮かべ、そこから陸路で沔水（べんすい）を越え、渭水（いすい）に入り、黄河へと合流する。」","四川省北部の岷山山脈（松潘県・九寨溝周辺）。長江（江水）の源流とみなされていた山。","上古音：「岷」- - ／m ǐen／m juən／m iwən／m jiən
上古音：「嶓」bwâ ,pwa／pua／pua／pwa／pân","アイヌ語：「岷」
＝「ムィ・エ・エン(muy-e-en)」
＝「頂が・そこで・突き出ている（ところ）」","jomon2_bnum18.html"
"梁州","嶓","「華陽、黑水惟梁州。岷、嶓既藝、沱、潛既道。蔡、蒙旅平、和夷厎績。厥土青黎。厥田惟下上、厥賦下中、三錯。厥貢璆、鐵、銀、鏤、砮、磬、熊、羆、狐、狸。織皮西傾、因桓是來、浮于潛、逾于沔、入于渭、亂于河。」","「華山（かざん）の南（華陽）から黒水（こくすい）にいたる地域が梁州である。岷山（みんざん）と嶓塚山（はちょうざん）はすでに耕作できるようになり、沱水（だすい）と潜水（せんすい）はすべて（治水され）本来の通路を流れるようになった。蔡山（さいざん）と蒙山（もうざん）の道は平らに整えられ、和夷（わい：現地の部族）の土地の開墾も成果を上げた。この地域の土質は青黒い肥土である。田の等級は「下上」（7等）である。税金の等級は「下中」（8等）であり、時に7等（下上）や9等（下下）が混じる。貢物は、美しい玉（璆）、鉄、銀、鏤（硬い鉄、または彫刻用の銅）、矢尻にする石（砮）、磬（けい：楽器）にする石、および熊・ヒグマ・狐・タヌキの毛皮、それらを織り込んだ皮製品である。西傾山（せいけいざん）からは桓水（かんすい）に拠ってこれ（貢物）が来る。水路による輸送は、潜水に舟を浮かべ、そこから陸路で沔水（べんすい）を越え、渭水（いすい）に入り、黄河へと合流する。」","甘粛省天水市秦州区、または陝西省漢中市寧強県。漢水（漾水）の源流とされる山。","上古音：「嶓」bwâ ,pwa／pua／pua／pwa／pân","アイヌ語：「嶓」
＝「プ・アゥ(pu-aw)」
＝「倉の（屋根のような三角山の）・角、枝分かれ」","jomon2_bnum18.html"
"梁州","沱","「華陽、黑水惟梁州。岷、嶓既藝、沱、潛既道。蔡、蒙旅平、和夷厎績。厥土青黎。厥田惟下上、厥賦下中、三錯。厥貢璆、鐵、銀、鏤、砮、磬、熊、羆、狐、狸。織皮西傾、因桓是來、浮于潛、逾于沔、入于渭、亂于河。」","「華山（かざん）の南（華陽）から黒水（こくすい）にいたる地域が梁州である。岷山（みんざん）と嶓塚山（はちょうざん）はすでに耕作できるようになり、沱水（だすい）と潜水（せんすい）はすべて（治水され）本来の通路を流れるようになった。蔡山（さいざん）と蒙山（もうざん）の道は平らに整えられ、和夷（わい：現地の部族）の土地の開墾も成果を上げた。この地域の土質は青黒い肥土である。田の等級は「下上」（7等）である。税金の等級は「下中」（8等）であり、時に7等（下上）や9等（下下）が混じる。貢物は、美しい玉（璆）、鉄、銀、鏤（硬い鉄、または彫刻用の銅）、矢尻にする石（砮）、磬（けい：楽器）にする石、および熊・ヒグマ・狐・タヌキの毛皮、それらを織り込んだ皮製品である。西傾山（せいけいざん）からは桓水（かんすい）に拠ってこれ（貢物）が来る。水路による輸送は、潜水に舟を浮かべ、そこから陸路で沔水（べんすい）を越え、渭水（いすい）に入り、黄河へと合流する。」","四川盆地を流れる沱江。長江の支流。","上古音：「沱」dʰ ɑ／d ai／dʰ ɑ／d a／d ar","アイヌ語：「沱」
＝「テュ・アゥ(tu-aw)」
＝「峰の・角、枝分かれ」","jomon2_bnum18.html"
"梁州","潛","「華陽、黑水惟梁州。岷、嶓既藝、沱、潛既道。蔡、蒙旅平、和夷厎績。厥土青黎。厥田惟下上、厥賦下中、三錯。厥貢璆、鐵、銀、鏤、砮、磬、熊、羆、狐、狸。織皮西傾、因桓是來、浮于潛、逾于沔、入于渭、亂于河。」","「華山（かざん）の南（華陽）から黒水（こくすい）にいたる地域が梁州である。岷山（みんざん）と嶓塚山（はちょうざん）はすでに耕作できるようになり、沱水（だすい）と潜水（せんすい）はすべて（治水され）本来の通路を流れるようになった。蔡山（さいざん）と蒙山（もうざん）の道は平らに整えられ、和夷（わい：現地の部族）の土地の開墾も成果を上げた。この地域の土質は青黒い肥土である。田の等級は「下上」（7等）である。税金の等級は「下中」（8等）であり、時に7等（下上）や9等（下下）が混じる。貢物は、美しい玉（璆）、鉄、銀、鏤（硬い鉄、または彫刻用の銅）、矢尻にする石（砮）、磬（けい：楽器）にする石、および熊・ヒグマ・狐・タヌキの毛皮、それらを織り込んだ皮製品である。西傾山（せいけいざん）からは桓水（かんすい）に拠ってこれ（貢物）が来る。水路による輸送は、潜水に舟を浮かべ、そこから陸路で沔水（べんすい）を越え、渭水（いすい）に入り、黄河へと合流する。」","漢水（沔水）の北側の分流、あるいは四川省を流れる嘉陵江の支流など諸説あり。","上古音：「潛」dzʰ i̯æm／dz ǐəm／dzʰ jəm／- -／dz jiəm","アイヌ語：「潛」＝「テュ・イ・アム(tu-i-am)」
＝「峰・その・爪（のように平べったく鋭いもの）」","jomon2_bnum18.html"
"梁州","蔡","「華陽、黑水惟梁州。岷、嶓既藝、沱、潛既道。蔡、蒙旅平、和夷厎績。厥土青黎。厥田惟下上、厥賦下中、三錯。厥貢璆、鐵、銀、鏤、砮、磬、熊、羆、狐、狸。織皮西傾、因桓是來、浮于潛、逾于沔、入于渭、亂于河。」","「華山（かざん）の南（華陽）から黒水（こくすい）にいたる地域が梁州である。岷山（みんざん）と嶓塚山（はちょうざん）はすでに耕作できるようになり、沱水（だすい）と潜水（せんすい）はすべて（治水され）本来の通路を流れるようになった。蔡山（さいざん）と蒙山（もうざん）の道は平らに整えられ、和夷（わい：現地の部族）の土地の開墾も成果を上げた。この地域の土質は青黒い肥土である。田の等級は「下上」（7等）である。税金の等級は「下中」（8等）であり、時に7等（下上）や9等（下下）が混じる。貢物は、美しい玉（璆）、鉄、銀、鏤（硬い鉄、または彫刻用の銅）、矢尻にする石（砮）、磬（けい：楽器）にする石、および熊・ヒグマ・狐・タヌキの毛皮、それらを織り込んだ皮製品である。西傾山（せいけいざん）からは桓水（かんすい）に拠ってこれ（貢物）が来る。水路による輸送は、潜水に舟を浮かべ、そこから陸路で沔水（べんすい）を越え、渭水（いすい）に入り、黄河へと合流する。」","四川省雅安市名山区の北にある周公山、または周辺の山。","上古音：「蔡」tsʰ ɑd／tsʰ at／tsʰ ɑd／tsʰ ar／tsh adh","アイヌ語：「蔡」
＝「テュ・アッ(tu-at)」
＝「峰が・たくさんある（ところ）」","jomon2_bnum18.html"
"梁州","蒙","「華陽、黑水惟梁州。岷、嶓既藝、沱、潛既道。蔡、蒙旅平、和夷厎績。厥土青黎。厥田惟下上、厥賦下中、三錯。厥貢璆、鐵、銀、鏤、砮、磬、熊、羆、狐、狸。織皮西傾、因桓是來、浮于潛、逾于沔、入于渭、亂于河。」","「華山（かざん）の南（華陽）から黒水（こくすい）にいたる地域が梁州である。岷山（みんざん）と嶓塚山（はちょうざん）はすでに耕作できるようになり、沱水（だすい）と潜水（せんすい）はすべて（治水され）本来の通路を流れるようになった。蔡山（さいざん）と蒙山（もうざん）の道は平らに整えられ、和夷（わい：現地の部族）の土地の開墾も成果を上げた。この地域の土質は青黒い肥土である。田の等級は「下上」（7等）である。税金の等級は「下中」（8等）であり、時に7等（下上）や9等（下下）が混じる。貢物は、美しい玉（璆）、鉄、銀、鏤（硬い鉄、または彫刻用の銅）、矢尻にする石（砮）、磬（けい：楽器）にする石、および熊・ヒグマ・狐・タヌキの毛皮、それらを織り込んだ皮製品である。西傾山（せいけいざん）からは桓水（かんすい）に拠ってこれ（貢物）が来る。水路による輸送は、潜水に舟を浮かべ、そこから陸路で沔水（べんすい）を越え、渭水（いすい）に入り、黄河へと合流する。」","四川省雅安市名山区・雨城区にまたがる蒙頂山。","上古音：「蒙」m uŋ／m ɔŋ／m ûŋ／m ewŋ／m ung","アイヌ語：「蒙」＝「モン(mon)」
＝「手（のような形の峰）","jomon2_bnum18.html"
"梁州","和夷","「華陽、黑水惟梁州。岷、嶓既藝、沱、潛既道。蔡、蒙旅平、和夷厎績。厥土青黎。厥田惟下上、厥賦下中、三錯。厥貢璆、鐵、銀、鏤、砮、磬、熊、羆、狐、狸。織皮西傾、因桓是來、浮于潛、逾于沔、入于渭、亂于河。」","「華山（かざん）の南（華陽）から黒水（こくすい）にいたる地域が梁州である。岷山（みんざん）と嶓塚山（はちょうざん）はすでに耕作できるようになり、沱水（だすい）と潜水（せんすい）はすべて（治水され）本来の通路を流れるようになった。蔡山（さいざん）と蒙山（もうざん）の道は平らに整えられ、和夷（わい：現地の部族）の土地の開墾も成果を上げた。この地域の土質は青黒い肥土である。田の等級は「下上」（7等）である。税金の等級は「下中」（8等）であり、時に7等（下上）や9等（下下）が混じる。貢物は、美しい玉（璆）、鉄、銀、鏤（硬い鉄、または彫刻用の銅）、矢尻にする石（砮）、磬（けい：楽器）にする石、および熊・ヒグマ・狐・タヌキの毛皮、それらを織り込んだ皮製品である。西傾山（せいけいざん）からは桓水（かんすい）に拠ってこれ（貢物）が来る。水路による輸送は、潜水に舟を浮かべ、そこから陸路で沔水（べんすい）を越え、渭水（いすい）に入り、黄河へと合流する。」","四川省西部の山岳地帯（現在の雅安市から涼山イ族自治州一帯）に住んでいた古代の少数民族・部族の居住地域。","上古音：「和」ɡʰ wɑ／ɣ uai／ɣ uɑ／ɡ wa／gw ar
上古音：「夷」d i̯ər／ʎ ǐei／d jed／r ier／r id","アイヌ語：「和夷」
＝「キル・アゥ・テュ・アッ(kir-aw-tu-at)」
＝「山脚の・角、枝分かれの・峰が・たくさんある（ところ）」","jomon2_bnum18.html"
"梁州","桓","「華陽、黑水惟梁州。岷、嶓既藝、沱、潛既道。蔡、蒙旅平、和夷厎績。厥土青黎。厥田惟下上、厥賦下中、三錯。厥貢璆、鐵、銀、鏤、砮、磬、熊、羆、狐、狸。織皮西傾、因桓是來、浮于潛、逾于沔、入于渭、亂于河。」","「華山（かざん）の南（華陽）から黒水（こくすい）にいたる地域が梁州である。岷山（みんざん）と嶓塚山（はちょうざん）はすでに耕作できるようになり、沱水（だすい）と潜水（せんすい）はすべて（治水され）本来の通路を流れるようになった。蔡山（さいざん）と蒙山（もうざん）の道は平らに整えられ、和夷（わい：現地の部族）の土地の開墾も成果を上げた。この地域の土質は青黒い肥土である。田の等級は「下上」（7等）である。税金の等級は「下中」（8等）であり、時に7等（下上）や9等（下下）が混じる。貢物は、美しい玉（璆）、鉄、銀、鏤（硬い鉄、または彫刻用の銅）、矢尻にする石（砮）、磬（けい：楽器）にする石、および熊・ヒグマ・狐・タヌキの毛皮、それらを織り込んだ皮製品である。西傾山（せいけいざん）からは桓水（かんすい）に拠ってこれ（貢物）が来る。水路による輸送は、潜水に舟を浮かべ、そこから陸路で沔水（べんすい）を越え、渭水（いすい）に入り、黄河へと合流する。」","四川省北部を流れる白水（現在の白龍江、あるいは嘉陵江の上流白水江）。西傾山から流れ出る川とされます。","上古音：「桓」ɡʰ wɑn／ɣ uan／ɣ uɑn／ɡ wan／gw an","アイヌ語：「桓」
＝「キル(kir)」
＝「山脚の・角、枝分かれ・にある（ところ）」","jomon2_bnum18.html"
"梁州","沔","「華陽、黑水惟梁州。岷、嶓既藝、沱、潛既道。蔡、蒙旅平、和夷厎績。厥土青黎。厥田惟下上、厥賦下中、三錯。厥貢璆、鐵、銀、鏤、砮、磬、熊、羆、狐、狸。織皮西傾、因桓是來、浮于潛、逾于沔、入于渭、亂于河。」","「華山（かざん）の南（華陽）から黒水（こくすい）にいたる地域が梁州である。岷山（みんざん）と嶓塚山（はちょうざん）はすでに耕作できるようになり、沱水（だすい）と潜水（せんすい）はすべて（治水され）本来の通路を流れるようになった。蔡山（さいざん）と蒙山（もうざん）の道は平らに整えられ、和夷（わい：現地の部族）の土地の開墾も成果を上げた。この地域の土質は青黒い肥土である。田の等級は「下上」（7等）である。税金の等級は「下中」（8等）であり、時に7等（下上）や9等（下下）が混じる。貢物は、美しい玉（璆）、鉄、銀、鏤（硬い鉄、または彫刻用の銅）、矢尻にする石（砮）、磬（けい：楽器）にする石、および熊・ヒグマ・狐・タヌキの毛皮、それらを織り込んだ皮製品である。西傾山（せいけいざん）からは桓水（かんすい）に拠ってこれ（貢物）が来る。水路による輸送は、潜水に舟を浮かべ、そこから陸路で沔水（べんすい）を越え、渭水（いすい）に入り、黄河へと合流する。」","漢水の上流部。現在の陝西省漢中市を流れる部分。","上古音：「沔」m i̯an／m ǐan／m juæn／m jiwan／m jianx","アイヌ語：「沔」＝「ムィ・アゥ・ウン(muy-aw-un)」＝「頂の・角、枝分かれ・にある（ところ）」","jomon2_bnum18.html"
"梁州","渭","「華陽、黑水惟梁州。岷、嶓既藝、沱、潛既道。蔡、蒙旅平、和夷厎績。厥土青黎。厥田惟下上、厥賦下中、三錯。厥貢璆、鐵、銀、鏤、砮、磬、熊、羆、狐、狸。織皮西傾、因桓是來、浮于潛、逾于沔、入于渭、亂于河。」","「華山（かざん）の南（華陽）から黒水（こくすい）にいたる地域が梁州である。岷山（みんざん）と嶓塚山（はちょうざん）はすでに耕作できるようになり、沱水（だすい）と潜水（せんすい）はすべて（治水され）本来の通路を流れるようになった。蔡山（さいざん）と蒙山（もうざん）の道は平らに整えられ、和夷（わい：現地の部族）の土地の開墾も成果を上げた。この地域の土質は青黒い肥土である。田の等級は「下上」（7等）である。税金の等級は「下中」（8等）であり、時に7等（下上）や9等（下下）が混じる。貢物は、美しい玉（璆）、鉄、銀、鏤（硬い鉄、または彫刻用の銅）、矢尻にする石（砮）、磬（けい：楽器）にする石、および熊・ヒグマ・狐・タヌキの毛皮、それらを織り込んだ皮製品である。西傾山（せいけいざん）からは桓水（かんすい）に拠ってこれ（貢物）が来る。水路による輸送は、潜水に舟を浮かべ、そこから陸路で沔水（べんすい）を越え、渭水（いすい）に入り、黄河へと合流する。」","陝西省の関中盆地を流れる黄河の最大支流、渭河。","上古音：「渭」- -／- -／ɣ juə̆d／ɣ jwər／gw jədh","アイヌ語：「渭」＝「キル・アッ(kir-at)」＝「山脚が・たくさんある（ところ）」","jomon2_bnum18.html"
"梁州","河","「華陽、黑水惟梁州。岷、嶓既藝、沱、潛既道。蔡、蒙旅平、和夷厎績。厥土青黎。厥田惟下上、厥賦下中、三錯。厥貢璆、鐵、銀、鏤、砮、磬、熊、羆、狐、狸。織皮西傾、因桓是來、浮于潛、逾于沔、入于渭、亂于河。」","「華山（かざん）の南（華陽）から黒水（こくすい）にいたる地域が梁州である。岷山（みんざん）と嶓塚山（はちょうざん）はすでに耕作できるようになり、沱水（だすい）と潜水（せんすい）はすべて（治水され）本来の通路を流れるようになった。蔡山（さいざん）と蒙山（もうざん）の道は平らに整えられ、和夷（わい：現地の部族）の土地の開墾も成果を上げた。この地域の土質は青黒い肥土である。田の等級は「下上」（7等）である。税金の等級は「下中」（8等）であり、時に7等（下上）や9等（下下）が混じる。貢物は、美しい玉（璆）、鉄、銀、鏤（硬い鉄、または彫刻用の銅）、矢尻にする石（砮）、磬（けい：楽器）にする石、および熊・ヒグマ・狐・タヌキの毛皮、それらを織り込んだ皮製品である。西傾山（せいけいざん）からは桓水（かんすい）に拠ってこれ（貢物）が来る。水路による輸送は、潜水に舟を浮かべ、そこから陸路で沔水（べんすい）を越え、渭水（いすい）に入り、黄河へと合流する。」","黄河。","上古音：「河」ɡʰ ɑ／ɣ ai／ɣ ɑ／ɡ a／g ar","アイヌ語：「河」
＝「キル・アゥ(kir-aw)」
＝「山脚の・角、枝分かれ」","jomon2_bnum18.html"
"雍州","雍州","「黒水、西河惟雍州。弱水既西，涇屬渭汭，漆、沮既從，灃水攸同。荊、岐既旅，終南、惇物，至於鳥鼠。原隰厎績，至於豬野。三危既宅，三苗丕敘。厥土惟黃壤，厥田惟上上，厥賦惟中下。厥貢惟球、琳、琅玕。浮于積石，至於龍門、西河，會于渭汭。織皮崑崙、析支、渠搜，西戎即敘。」","「黒水から西河までが、雍州である。弱水はすでに西へ流れ、涇水は渭水の湾曲部に合流し、漆水と沮水も渭水に従い、灃水もまた一か所に集まった。荊山と岐山はすでに神々を祀る祭祀が行われ、終南山や惇物山から鳥鼠同穴山にいたるまでの山々もすべて整備された。高台の原野も低層の湿地も成果が上がり、猪野の沼沢地にいたるまで水が引いて土地が安定した。三危山のふもとには人々が定住できるようになり、三苗の部族も大いに秩序づけられた。その土壌は黄色く肥えた黄壌である。その田はもっとも上等な「上上」であり、その賦は「中下」である。その貢納物は、美しい玉である球、琳、琅玕である。これらを運ぶ船は積石山のふもとから黄河に浮かび、龍門や西河を通り、渭水の湾曲部で合流する。毛織物や皮衣を貢ぐ崑崙、析支、渠搜といった西方の異民族たちも、みな服従し従うようになった。」","現在の陝西省、甘粛省、寧夏回族自治区、青海省、内モンゴル自治区の一部にまたがる、中国北西部の広大な地域（黄土高原や関中盆地一帯）","上古音：「雍」ʔ i̯uŋ／0 ǐwɔŋ／- -／ʔ jewŋ／- -
上古音：「州」tɕ ／ȶ ǐ u／ȶ jŏ ɡ／t jəw／t jəgw","アイヌ語：「雍州」
＝「イ・アゥ・ウン・テュ・アク(i-aw-un-tu-ak)」
＝「その・角、枝分かれ・にある・峰の・弟」","jomon2_bnum18.html"
"雍州","黑水","「黒水、西河惟雍州。弱水既西，涇屬渭汭，漆、沮既從，灃水攸同。荊、岐既旅，終南、惇物，至於鳥鼠。原隰厎績，至於豬野。三危既宅，三苗丕敘。厥土惟黃壤，厥田惟上上，厥賦惟中下。厥貢惟球、琳、琅玕。浮于積石，至於龍門、西河，會于渭汭。織皮崑崙、析支、渠搜，西戎即敘。」","「黒水から西河までが、雍州である。弱水はすでに西へ流れ、涇水は渭水の湾曲部に合流し、漆水と沮水も渭水に従い、灃水もまた一か所に集まった。荊山と岐山はすでに神々を祀る祭祀が行われ、終南山や惇物山から鳥鼠同穴山にいたるまでの山々もすべて整備された。高台の原野も低層の湿地も成果が上がり、猪野の沼沢地にいたるまで水が引いて土地が安定した。三危山のふもとには人々が定住できるようになり、三苗の部族も大いに秩序づけられた。その土壌は黄色く肥えた黄壌である。その田はもっとも上等な「上上」であり、その賦は「中下」である。その貢納物は、美しい玉である球、琳、琅玕である。これらを運ぶ船は積石山のふもとから黄河に浮かび、龍門や西河を通り、渭水の湾曲部で合流する。毛織物や皮衣を貢ぐ崑崙、析支、渠搜といった西方の異民族たちも、みな服従し従うようになった。」","諸説あり。梁州の西境・南境として一般に金沙江（長江の上流部）、または大渡河・瀘水などに比定。","上古音：「黑」xm ək／h ək／m̥ uə̂k／xm ək／hm ək
上古音：「水」ɕ i̯wər／ɕ ǐwei／ç jued／stʰ jiwer／h rjidx","アイヌ語：「黑水」＝「フム・アク・シル・アッ(hum-ak-sir-at)」＝「断片の・弟の（ように小さい）・山が・たくさんある」","jomon2_bnum18.html"
"雍州","西河","「黒水、西河惟雍州。弱水既西，涇屬渭汭，漆、沮既從，灃水攸同。荊、岐既旅，終南、惇物，至於鳥鼠。原隰厎績，至於豬野。三危既宅，三苗丕敘。厥土惟黃壤，厥田惟上上，厥賦惟中下。厥貢惟球、琳、琅玕。浮于積石，至於龍門、西河，會于渭汭。織皮崑崙、析支、渠搜，西戎即敘。」","「黒水から西河までが、雍州である。弱水はすでに西へ流れ、涇水は渭水の湾曲部に合流し、漆水と沮水も渭水に従い、灃水もまた一か所に集まった。荊山と岐山はすでに神々を祀る祭祀が行われ、終南山や惇物山から鳥鼠同穴山にいたるまでの山々もすべて整備された。高台の原野も低層の湿地も成果が上がり、猪野の沼沢地にいたるまで水が引いて土地が安定した。三危山のふもとには人々が定住できるようになり、三苗の部族も大いに秩序づけられた。その土壌は黄色く肥えた黄壌である。その田はもっとも上等な「上上」であり、その賦は「中下」である。その貢納物は、美しい玉である球、琳、琅玕である。これらを運ぶ船は積石山のふもとから黄河に浮かび、龍門や西河を通り、渭水の湾曲部で合流する。毛織物や皮衣を貢ぐ崑崙、析支、渠搜といった西方の異民族たちも、みな服従し従うようになった。」","黄河の中流部。現在の山西省と陝西省の境界を南北に流れる区間。雍州の東の境界線。","上古音：「西」s iər／s iei／s ied／s er／s id
上古音：「河」ɡʰɑ／ɣai／ɣɑ／ɡa／gar","アイヌ語：「西河」
＝「シル・アッ・キル・アゥ(sir-at-kir-aw)」＝「山が・たくさんある・山脚の・角、枝分かれ」","jomon2_bnum18.html"
"雍州","弱水","「黒水、西河惟雍州。弱水既西，涇屬渭汭，漆、沮既從，灃水攸同。荊、岐既旅，終南、惇物，至於鳥鼠。原隰厎績，至於豬野。三危既宅，三苗丕敘。厥土惟黃壤，厥田惟上上，厥賦惟中下。厥貢惟球、琳、琅玕。浮于積石，至於龍門、西河，會于渭汭。織皮崑崙、析支、渠搜，西戎即敘。」","「黒水から西河までが、雍州である。弱水はすでに西へ流れ、涇水は渭水の湾曲部に合流し、漆水と沮水も渭水に従い、灃水もまた一か所に集まった。荊山と岐山はすでに神々を祀る祭祀が行われ、終南山や惇物山から鳥鼠同穴山にいたるまでの山々もすべて整備された。高台の原野も低層の湿地も成果が上がり、猪野の沼沢地にいたるまで水が引いて土地が安定した。三危山のふもとには人々が定住できるようになり、三苗の部族も大いに秩序づけられた。その土壌は黄色く肥えた黄壌である。その田はもっとも上等な「上上」であり、その賦は「中下」である。その貢納物は、美しい玉である球、琳、琅玕である。これらを運ぶ船は積石山のふもとから黄河に浮かび、龍門や西河を通り、渭水の湾曲部で合流する。毛織物や皮衣を貢ぐ崑崙、析支、渠搜といった西方の異民族たちも、みな服従し従うようになった。」","甘粛省張掖市から内モンゴル自治区のエジン旗へと北流するエジン河（額済納河）。砂漠に消える内陸河川です。","上古音：「弱」ȵ i̯ok／ȵ ǐauk／ȵ jɔk／n jawk／n jakw
上古音：「水」ɕ i̯wər／ɕ ǐwei／ç jued／stʰ jiwer／h rjidx","アイヌ語：「弱水」
＝「ニ・アク・シル・アッ(ni-ak-sir-at)」
＝「棒の（ように細長い）・弟（のように小さい峰）」","jomon2_bnum18.html"
"雍州","涇","「黒水、西河惟雍州。弱水既西，涇屬渭汭，漆、沮既從，灃水攸同。荊、岐既旅，終南、惇物，至於鳥鼠。原隰厎績，至於豬野。三危既宅，三苗丕敘。厥土惟黃壤，厥田惟上上，厥賦惟中下。厥貢惟球、琳、琅玕。浮于積石，至於龍門、西河，會于渭汭。織皮崑崙、析支、渠搜，西戎即敘。」","「黒水から西河までが、雍州である。弱水はすでに西へ流れ、涇水は渭水の湾曲部に合流し、漆水と沮水も渭水に従い、灃水もまた一か所に集まった。荊山と岐山はすでに神々を祀る祭祀が行われ、終南山や惇物山から鳥鼠同穴山にいたるまでの山々もすべて整備された。高台の原野も低層の湿地も成果が上がり、猪野の沼沢地にいたるまで水が引いて土地が安定した。三危山のふもとには人々が定住できるようになり、三苗の部族も大いに秩序づけられた。その土壌は黄色く肥えた黄壌である。その田はもっとも上等な「上上」であり、その賦は「中下」である。その貢納物は、美しい玉である球、琳、琅玕である。これらを運ぶ船は積石山のふもとから黄河に浮かび、龍門や西河を通り、渭水の湾曲部で合流する。毛織物や皮衣を貢ぐ崑崙、析支、渠搜といった西方の異民族たちも、みな服従し従うようになった。」","寧夏・甘粛から陝西省へと流れる涇河（けいが）。「涇渭清濁」の成語で知られる、渭河の大きな支流。","上古音：「涇」- -／- -／ɡʰ jeŋ／ɡ jieŋ／g jingx
上古音：「涇」k ieŋ／k ieŋ／k ieŋ／k eŋ／k ing","アイヌ語：「涇」＝「キル・エ・エン(kir-e-en)」＝「山脚が・そこで・突き出ている（ところ）」","jomon2_bnum18.html"
"雍州","渭汭","「黒水、西河惟雍州。弱水既西，涇屬渭汭，漆、沮既從，灃水攸同。荊、岐既旅，終南、惇物，至於鳥鼠。原隰厎績，至於豬野。三危既宅，三苗丕敘。厥土惟黃壤，厥田惟上上，厥賦惟中下。厥貢惟球、琳、琅玕。浮于積石，至於龍門、西河，會于渭汭。織皮崑崙、析支、渠搜，西戎即敘。」","「黒水から西河までが、雍州である。弱水はすでに西へ流れ、涇水は渭水の湾曲部に合流し、漆水と沮水も渭水に従い、灃水もまた一か所に集まった。荊山と岐山はすでに神々を祀る祭祀が行われ、終南山や惇物山から鳥鼠同穴山にいたるまでの山々もすべて整備された。高台の原野も低層の湿地も成果が上がり、猪野の沼沢地にいたるまで水が引いて土地が安定した。三危山のふもとには人々が定住できるようになり、三苗の部族も大いに秩序づけられた。その土壌は黄色く肥えた黄壌である。その田はもっとも上等な「上上」であり、その賦は「中下」である。その貢納物は、美しい玉である球、琳、琅玕である。これらを運ぶ船は積石山のふもとから黄河に浮かび、龍門や西河を通り、渭水の湾曲部で合流する。毛織物や皮衣を貢ぐ崑崙、析支、渠搜といった西方の異民族たちも、みな服従し従うようになった。」","甘粛省から陝西省の関中盆地を東へと流れる渭河。黄河の最大支流。「渭汭」は涇水や他の支流が渭水に合流する河口・湾曲部の一帯（現在の西安市北東の平野部）。","上古音：「渭」- -／- -／ɣ juə̆d／ɣ jwər／gw jədh
上古音：「汭」 ȵ i̯wad／- -／ȵ juab, juæd／n jiwar／n jabh","アイヌ語：「渭汭」
＝「キル・アッ・ニ・アゥ・アッ(kir-at-ni-aw-at)」
＝「山脚が・たくさんある・棒の（ように細長い）・角、枝分かれが・たくさんある（ところ）」","jomon2_bnum18.html"
"雍州","漆","「黒水、西河惟雍州。弱水既西，涇屬渭汭，漆、沮既從，灃水攸同。荊、岐既旅，終南、惇物，至於鳥鼠。原隰厎績，至於豬野。三危既宅，三苗丕敘。厥土惟黃壤，厥田惟上上，厥賦惟中下。厥貢惟球、琳、琅玕。浮于積石，至於龍門、西河，會于渭汭。織皮崑崙、析支、渠搜，西戎即敘。」","「黒水から西河までが、雍州である。弱水はすでに西へ流れ、涇水は渭水の湾曲部に合流し、漆水と沮水も渭水に従い、灃水もまた一か所に集まった。荊山と岐山はすでに神々を祀る祭祀が行われ、終南山や惇物山から鳥鼠同穴山にいたるまでの山々もすべて整備された。高台の原野も低層の湿地も成果が上がり、猪野の沼沢地にいたるまで水が引いて土地が安定した。三危山のふもとには人々が定住できるようになり、三苗の部族も大いに秩序づけられた。その土壌は黄色く肥えた黄壌である。その田はもっとも上等な「上上」であり、その賦は「中下」である。その貢納物は、美しい玉である球、琳、琅玕である。これらを運ぶ船は積石山のふもとから黄河に浮かび、龍門や西河を通り、渭水の湾曲部で合流する。毛織物や皮衣を貢ぐ崑崙、析支、渠搜といった西方の異民族たちも、みな服従し従うようになった。」","陝西省銅川市一帯を源流とし、南流して渭水に合流する漆水河（あるいは漆姐河）。","上古音：「漆」tsʰ i̯ĕt／tsʰ ǐet／tsʰ jet／tsʰ jiet／tsh jit","アイヌ語：「漆」
＝「テュ・アッ(tu-at)」
＝「峰が・たくさんある（ところ）」","jomon2_bnum18.html"
"雍州","沮","「黒水、西河惟雍州。弱水既西，涇屬渭汭，漆、沮既從，灃水攸同。荊、岐既旅，終南、惇物，至於鳥鼠。原隰厎績，至於豬野。三危既宅，三苗丕敘。厥土惟黃壤，厥田惟上上，厥賦惟中下。厥貢惟球、琳、琅玕。浮于積石，至於龍門、西河，會于渭汭。織皮崑崙、析支、渠搜，西戎即敘。」","「黒水から西河までが、雍州である。弱水はすでに西へ流れ、涇水は渭水の湾曲部に合流し、漆水と沮水も渭水に従い、灃水もまた一か所に集まった。荊山と岐山はすでに神々を祀る祭祀が行われ、終南山や惇物山から鳥鼠同穴山にいたるまでの山々もすべて整備された。高台の原野も低層の湿地も成果が上がり、猪野の沼沢地にいたるまで水が引いて土地が安定した。三危山のふもとには人々が定住できるようになり、三苗の部族も大いに秩序づけられた。その土壌は黄色く肥えた黄壌である。その田はもっとも上等な「上上」であり、その賦は「中下」である。その貢納物は、美しい玉である球、琳、琅玕である。これらを運ぶ船は積石山のふもとから黄河に浮かび、龍門や西河を通り、渭水の湾曲部で合流する。毛織物や皮衣を貢ぐ崑崙、析支、渠搜といった西方の異民族たちも、みな服従し従うようになった。」","陝西省黄陵県付近を源流とし、東南へ流れて洛河（涇水のさらに支流）に合流する沮水（または漆水と同じ水系の川）。","上古音：「沮」ts i̯o／ts ǐa／ts jaɡ／ts jaɣ／ts jagh
上古音：「沮」dzʰ i̯o／dz ǐa／dzʰ jaɡ／dz jaɣ／dz jagx","アイヌ語：「沮」
＝「テュ・アク(tu-ak)」
＝「峰の・弟（のように小さいもの）」","jomon2_bnum18.html"
"雍州","灃水","「黒水、西河惟雍州。弱水既西，涇屬渭汭，漆、沮既從，灃水攸同。荊、岐既旅，終南、惇物，至於鳥鼠。原隰厎績，至於豬野。三危既宅，三苗丕敘。厥土惟黃壤，厥田惟上上，厥賦惟中下。厥貢惟球、琳、琅玕。浮于積石，至於龍門、西河，會于渭汭。織皮崑崙、析支、渠搜，西戎即敘。」","「黒水から西河までが、雍州である。弱水はすでに西へ流れ、涇水は渭水の湾曲部に合流し、漆水と沮水も渭水に従い、灃水もまた一か所に集まった。荊山と岐山はすでに神々を祀る祭祀が行われ、終南山や惇物山から鳥鼠同穴山にいたるまでの山々もすべて整備された。高台の原野も低層の湿地も成果が上がり、猪野の沼沢地にいたるまで水が引いて土地が安定した。三危山のふもとには人々が定住できるようになり、三苗の部族も大いに秩序づけられた。その土壌は黄色く肥えた黄壌である。その田はもっとも上等な「上上」であり、その賦は「中下」である。その貢納物は、美しい玉である球、琳、琅玕である。これらを運ぶ船は積石山のふもとから黄河に浮かび、龍門や西河を通り、渭水の湾曲部で合流する。毛織物や皮衣を貢ぐ崑崙、析支、渠搜といった西方の異民族たちも、みな服従し従うようになった。」","陝西省西安市の西側を流れる沣河。秦嶺山脈から渭水へと注ぐ川。","上古音：「灃」- -／pʰ ǐuŋ ／- -／- -／- -
上古音：「水」ɕ i̯wər／ɕ ǐwei／ç jued／stʰ jiwer／h rjidx","アイヌ語：「灃水」
＝「ピル・ウン・シル・アッ(pir-un-sir-at)」
＝「傷（のように切り刻まれた峰）・にある・山が・たくさんある（ところ）」","jomon2_bnum18.html"
"雍州","荊","「黒水、西河惟雍州。弱水既西，涇屬渭汭，漆、沮既從，灃水攸同。荊、岐既旅，終南、惇物，至於鳥鼠。原隰厎績，至於豬野。三危既宅，三苗丕敘。厥土惟黃壤，厥田惟上上，厥賦惟中下。厥貢惟球、琳、琅玕。浮于積石，至於龍門、西河，會于渭汭。織皮崑崙、析支、渠搜，西戎即敘。」","「黒水から西河までが、雍州である。弱水はすでに西へ流れ、涇水は渭水の湾曲部に合流し、漆水と沮水も渭水に従い、灃水もまた一か所に集まった。荊山と岐山はすでに神々を祀る祭祀が行われ、終南山や惇物山から鳥鼠同穴山にいたるまでの山々もすべて整備された。高台の原野も低層の湿地も成果が上がり、猪野の沼沢地にいたるまで水が引いて土地が安定した。三危山のふもとには人々が定住できるようになり、三苗の部族も大いに秩序づけられた。その土壌は黄色く肥えた黄壌である。その田はもっとも上等な「上上」であり、その賦は「中下」である。その貢納物は、美しい玉である球、琳、琅玕である。これらを運ぶ船は積石山のふもとから黄河に浮かび、龍門や西河を通り、渭水の湾曲部で合流する。毛織物や皮衣を貢ぐ崑崙、析支、渠搜といった西方の異民族たちも、みな服従し従うようになった。」","荊山。湖北省襄陽市（南漳県）にある山。荊州の北の起点。","上古音：「荊」k i̯ĕŋ／k ǐeŋ／k jĕŋ／k ieŋ／k jing","アイヌ語：「荊」
＝「キル・エ・エン(kir-e-en)」
＝「山脚が・そこで・突き出ている（ところ）」","jomon2_bnum18.html"
"雍州","岐","「黒水、西河惟雍州。弱水既西，涇屬渭汭，漆、沮既從，灃水攸同。荊、岐既旅，終南、惇物，至於鳥鼠。原隰厎績，至於豬野。三危既宅，三苗丕敘。厥土惟黃壤，厥田惟上上，厥賦惟中下。厥貢惟球、琳、琅玕。浮于積石，至於龍門、西河，會于渭汭。織皮崑崙、析支、渠搜，西戎即敘。」","「黒水から西河までが、雍州である。弱水はすでに西へ流れ、涇水は渭水の湾曲部に合流し、漆水と沮水も渭水に従い、灃水もまた一か所に集まった。荊山と岐山はすでに神々を祀る祭祀が行われ、終南山や惇物山から鳥鼠同穴山にいたるまでの山々もすべて整備された。高台の原野も低層の湿地も成果が上がり、猪野の沼沢地にいたるまで水が引いて土地が安定した。三危山のふもとには人々が定住できるようになり、三苗の部族も大いに秩序づけられた。その土壌は黄色く肥えた黄壌である。その田はもっとも上等な「上上」であり、その賦は「中下」である。その貢納物は、美しい玉である球、琳、琅玕である。これらを運ぶ船は積石山のふもとから黄河に浮かび、龍門や西河を通り、渭水の湾曲部で合流する。毛織物や皮衣を貢ぐ崑崙、析支、渠搜といった西方の異民族たちも、みな服従し従うようになった。」","陝西省西安市閻良区と富平県の境界付近にある荊山。","上古音：「岐」ɡʰ i̯ĕɡ／g ǐe／ɡʰ jeɡ／ɡ jieɣ／g jig","アイヌ語：「岐」
＝「キル・アク(kir-ak)」
＝「山脚の・弟（のように小さいもの）」","jomon2_bnum18.html"
"雍州","終南","「黒水、西河惟雍州。弱水既西，涇屬渭汭，漆、沮既從，灃水攸同。荊、岐既旅，終南、惇物，至於鳥鼠。原隰厎績，至於豬野。三危既宅，三苗丕敘。厥土惟黃壤，厥田惟上上，厥賦惟中下。厥貢惟球、琳、琅玕。浮于積石，至於龍門、西河，會于渭汭。織皮崑崙、析支、渠搜，西戎即敘。」","「黒水から西河までが、雍州である。弱水はすでに西へ流れ、涇水は渭水の湾曲部に合流し、漆水と沮水も渭水に従い、灃水もまた一か所に集まった。荊山と岐山はすでに神々を祀る祭祀が行われ、終南山や惇物山から鳥鼠同穴山にいたるまでの山々もすべて整備された。高台の原野も低層の湿地も成果が上がり、猪野の沼沢地にいたるまで水が引いて土地が安定した。三危山のふもとには人々が定住できるようになり、三苗の部族も大いに秩序づけられた。その土壌は黄色く肥えた黄壌である。その田はもっとも上等な「上上」であり、その賦は「中下」である。その貢納物は、美しい玉である球、琳、琅玕である。これらを運ぶ船は積石山のふもとから黄河に浮かび、龍門や西河を通り、渭水の湾曲部で合流する。毛織物や皮衣を貢ぐ崑崙、析支、渠搜といった西方の異民族たちも、みな服従し従うようになった。」","陝西省西安市の南にそびえる終南山（秦嶺山脈の主峰）。","上古音：「終」ȶ ／- -／ȶ ǐuŋ／ȶ joŋ／t jəwŋ／t jəngw
上古音：「南」n əm／n əm／n ə̂m／n əm／n əm","アイヌ語：「終南」＝「テュ・アゥ・ウン・ニ・アム(tu-aw-un-ni-am)」
＝「峰の・角、枝分かれ・にある・棒の（ように細長い）・爪（のように平べったく鋭いもの）」","jomon2_bnum18.html"
"雍州","惇物","「黒水、西河惟雍州。弱水既西，涇屬渭汭，漆、沮既從，灃水攸同。荊、岐既旅，終南、惇物，至於鳥鼠。原隰厎績，至於豬野。三危既宅，三苗丕敘。厥土惟黃壤，厥田惟上上，厥賦惟中下。厥貢惟球、琳、琅玕。浮于積石，至於龍門、西河，會于渭汭。織皮崑崙、析支、渠搜，西戎即敘。」","「黒水から西河までが、雍州である。弱水はすでに西へ流れ、涇水は渭水の湾曲部に合流し、漆水と沮水も渭水に従い、灃水もまた一か所に集まった。荊山と岐山はすでに神々を祀る祭祀が行われ、終南山や惇物山から鳥鼠同穴山にいたるまでの山々もすべて整備された。高台の原野も低層の湿地も成果が上がり、猪野の沼沢地にいたるまで水が引いて土地が安定した。三危山のふもとには人々が定住できるようになり、三苗の部族も大いに秩序づけられた。その土壌は黄色く肥えた黄壌である。その田はもっとも上等な「上上」であり、その賦は「中下」である。その貢納物は、美しい玉である球、琳、琅玕である。これらを運ぶ船は積石山のふもとから黄河に浮かび、龍門や西河を通り、渭水の湾曲部で合流する。毛織物や皮衣を貢ぐ崑崙、析支、渠搜といった西方の異民族たちも、みな服従し従うようになった。」","甘粛省定西市（旧・隴西県）の南、または六盤山脈の南端にあたる山。","上古音：「惇」ȶ i̯wən／- -／ȶ juən／t jiwən／t jən
上古音：「物」m i̯wət／m ǐwət／m juə̆t／m jwət／m jət","アイヌ語：「惇物」
＝「テュ・アゥ・ウン・ムィ・アッ(tu-aw-un-muy-at)」
＝「峰の・角、枝分かれ・にある・頂が・たくさんある（ところ）」","jomon2_bnum18.html"
"雍州","鳥鼠","「黒水、西河惟雍州。弱水既西，涇屬渭汭，漆、沮既從，灃水攸同。荊、岐既旅，終南、惇物，至於鳥鼠。原隰厎績，至於豬野。三危既宅，三苗丕敘。厥土惟黃壤，厥田惟上上，厥賦惟中下。厥貢惟球、琳、琅玕。浮于積石，至於龍門、西河，會于渭汭。織皮崑崙、析支、渠搜，西戎即敘。」","「黒水から西河までが、雍州である。弱水はすでに西へ流れ、涇水は渭水の湾曲部に合流し、漆水と沮水も渭水に従い、灃水もまた一か所に集まった。荊山と岐山はすでに神々を祀る祭祀が行われ、終南山や惇物山から鳥鼠同穴山にいたるまでの山々もすべて整備された。高台の原野も低層の湿地も成果が上がり、猪野の沼沢地にいたるまで水が引いて土地が安定した。三危山のふもとには人々が定住できるようになり、三苗の部族も大いに秩序づけられた。その土壌は黄色く肥えた黄壌である。その田はもっとも上等な「上上」であり、その賦は「中下」である。その貢納物は、美しい玉である球、琳、琅玕である。これらを運ぶ船は積石山のふもとから黄河に浮かび、龍門や西河を通り、渭水の湾曲部で合流する。毛織物や皮衣を貢ぐ崑崙、析支、渠搜といった西方の異民族たちも、みな服従し従うようになった。」","甘粛省定西市渭源県 の鳥鼠山。","上古音：「鳥」t -／t iu／t ioɡ／t eəw／t iəgwx
上古音：「鼠」ɕ i̯o／ɕ ǐa／ç jaɡ／stʰ jaɣ／h rjagx","アイヌ語：「鳥鼠」
＝「テュ・アク・シル・アク(tu-ak-sir-ak)」
＝「峰の・弟（のように小さいもの）・山の・弟」","jomon2_bnum18.html"
"雍州","原隰","「黒水、西河惟雍州。弱水既西，涇屬渭汭，漆、沮既從，灃水攸同。荊、岐既旅，終南、惇物，至於鳥鼠。原隰厎績，至於豬野。三危既宅，三苗丕敘。厥土惟黃壤，厥田惟上上，厥賦惟中下。厥貢惟球、琳、琅玕。浮于積石，至於龍門、西河，會于渭汭。織皮崑崙、析支、渠搜，西戎即敘。」","「黒水から西河までが、雍州である。弱水はすでに西へ流れ、涇水は渭水の湾曲部に合流し、漆水と沮水も渭水に従い、灃水もまた一か所に集まった。荊山と岐山はすでに神々を祀る祭祀が行われ、終南山や惇物山から鳥鼠同穴山にいたるまでの山々もすべて整備された。高台の原野も低層の湿地も成果が上がり、猪野の沼沢地にいたるまで水が引いて土地が安定した。三危山のふもとには人々が定住できるようになり、三苗の部族も大いに秩序づけられた。その土壌は黄色く肥えた黄壌である。その田はもっとも上等な「上上」であり、その賦は「中下」である。その貢納物は、美しい玉である球、琳、琅玕である。これらを運ぶ船は積石山のふもとから黄河に浮かび、龍門や西河を通り、渭水の湾曲部で合流する。毛織物や皮衣を貢ぐ崑崙、析支、渠搜といった西方の異民族たちも、みな服従し従うようになった。」","特定の単一の場所ではなく、陝西省から甘粛省にかけて広がる黄土高原の「高台（原）」と「低湿地（隰）」の総称。具体的には西安周辺の三秦の原などの台地。","上古音：「原」ŋ i̯wăn／ŋ ǐwan／ŋ juăn／ŋ jwan／ngw jan
上古音：「隰」dz i̯əp／z ǐəp／z jəp／r jiəp／r jəp","アイヌ語：「原隰」
＝「キル・アゥ・ウン・テュ・アプ(kir-aw-un-tu-ap)」
＝「山脚の・角、枝分かれ・にある・峰の・釣り針（のように曲がったもの）」","jomon2_bnum18.html"
"雍州","豬野","「黒水、西河惟雍州。弱水既西，涇屬渭汭，漆、沮既從，灃水攸同。荊、岐既旅，終南、惇物，至於鳥鼠。原隰厎績，至於豬野。三危既宅，三苗丕敘。厥土惟黃壤，厥田惟上上，厥賦惟中下。厥貢惟球、琳、琅玕。浮于積石，至於龍門、西河，會于渭汭。織皮崑崙、析支、渠搜，西戎即敘。」","「黒水から西河までが、雍州である。弱水はすでに西へ流れ、涇水は渭水の湾曲部に合流し、漆水と沮水も渭水に従い、灃水もまた一か所に集まった。荊山と岐山はすでに神々を祀る祭祀が行われ、終南山や惇物山から鳥鼠同穴山にいたるまでの山々もすべて整備された。高台の原野も低層の湿地も成果が上がり、猪野の沼沢地にいたるまで水が引いて土地が安定した。三危山のふもとには人々が定住できるようになり、三苗の部族も大いに秩序づけられた。その土壌は黄色く肥えた黄壌である。その田はもっとも上等な「上上」であり、その賦は「中下」である。その貢納物は、美しい玉である球、琳、琅玕である。これらを運ぶ船は積石山のふもとから黄河に浮かび、龍門や西河を通り、渭水の湾曲部で合流する。毛織物や皮衣を貢ぐ崑崙、析支、渠搜といった西方の異民族たちも、みな服従し従うようになった。」","甘粛省武威市民勤県の北東にあった古代の巨大な湖、青土湖。弱水の下流。","上古音：「豬」t i̯o／t ǐa／t jaɡ／t iaɣ／t rjag
上古音：「野」d i̯ɔ／ʎ ia／d jăɡ／r aɣ／r iagx","アイヌ語：「豬野」
＝「テュ・アク・テュ・アク(tu-ak-tu-ak)」
＝「峰が・たくさんある・山脚の・弟（のように小さいもの）・峰の・弟・峰の・弟」","jomon2_bnum18.html"
"雍州","三危","「黒水、西河惟雍州。弱水既西，涇屬渭汭，漆、沮既從，灃水攸同。荊、岐既旅，終南、惇物，至於鳥鼠。原隰厎績，至於豬野。三危既宅，三苗丕敘。厥土惟黃壤，厥田惟上上，厥賦惟中下。厥貢惟球、琳、琅玕。浮于積石，至於龍門、西河，會于渭汭。織皮崑崙、析支、渠搜，西戎即敘。」","「黒水から西河までが、雍州である。弱水はすでに西へ流れ、涇水は渭水の湾曲部に合流し、漆水と沮水も渭水に従い、灃水もまた一か所に集まった。荊山と岐山はすでに神々を祀る祭祀が行われ、終南山や惇物山から鳥鼠同穴山にいたるまでの山々もすべて整備された。高台の原野も低層の湿地も成果が上がり、猪野の沼沢地にいたるまで水が引いて土地が安定した。三危山のふもとには人々が定住できるようになり、三苗の部族も大いに秩序づけられた。その土壌は黄色く肥えた黄壌である。その田はもっとも上等な「上上」であり、その賦は「中下」である。その貢納物は、美しい玉である球、琳、琅玕である。これらを運ぶ船は積石山のふもとから黄河に浮かび、龍門や西河を通り、渭水の湾曲部で合流する。毛織物や皮衣を貢ぐ崑崙、析支、渠搜といった西方の異民族たちも、みな服従し従うようになった。」","甘粛省酒泉市敦煌市の南東にある三危山。莫高窟の向かい側にある山。","上古音：「三」s əm／s əm／s ə̂m／s əm／s əm
上古音：「危」ŋ wia／ŋ ǐwai／ŋ jua／ŋ iwa／ngw jar","アイヌ語：「三危」
＝「シル・アム・キル・アゥ(sir-am-kir-aw)」
＝「山の・爪の（ように平べったく鋭い）・山脚の・角、枝分かれ」","jomon2_bnum18.html"
"雍州","三苗","「黒水、西河惟雍州。弱水既西，涇屬渭汭，漆、沮既從，灃水攸同。荊、岐既旅，終南、惇物，至於鳥鼠。原隰厎績，至於豬野。三危既宅，三苗丕敘。厥土惟黃壤，厥田惟上上，厥賦惟中下。厥貢惟球、琳、琅玕。浮于積石，至於龍門、西河，會于渭汭。織皮崑崙、析支、渠搜，西戎即敘。」","「黒水から西河までが、雍州である。弱水はすでに西へ流れ、涇水は渭水の湾曲部に合流し、漆水と沮水も渭水に従い、灃水もまた一か所に集まった。荊山と岐山はすでに神々を祀る祭祀が行われ、終南山や惇物山から鳥鼠同穴山にいたるまでの山々もすべて整備された。高台の原野も低層の湿地も成果が上がり、猪野の沼沢地にいたるまで水が引いて土地が安定した。三危山のふもとには人々が定住できるようになり、三苗の部族も大いに秩序づけられた。その土壌は黄色く肥えた黄壌である。その田はもっとも上等な「上上」であり、その賦は「中下」である。その貢納物は、美しい玉である球、琳、琅玕である。これらを運ぶ船は積石山のふもとから黄河に浮かび、龍門や西河を通り、渭水の湾曲部で合流する。毛織物や皮衣を貢ぐ崑崙、析支、渠搜といった西方の異民族たちも、みな服従し従うようになった。」","本来は長江中流域にいた古代部族。大禹（または舜帝）によって三危（敦煌一帯）へ流刑・移住させられたグループの居住地。","上古音：「三」s əm／s əm／s ə̂m／s əm／s əm
上古音：「苗」m i̯oɡ／m ǐau／m jɔ̆ɡ／m iaw／m jagw","アイヌ語：「三苗」
＝「シル・アム・ムィ・アク(sir-am-muy-ak)」＝「山の・爪の（ように平べったく鋭い）・頂の・弟（のように小さいもの）」","jomon2_bnum18.html"
"雍州","積石","「黒水、西河惟雍州。弱水既西，涇屬渭汭，漆、沮既從，灃水攸同。荊、岐既旅，終南、惇物，至於鳥鼠。原隰厎績，至於豬野。三危既宅，三苗丕敘。厥土惟黃壤，厥田惟上上，厥賦惟中下。厥貢惟球、琳、琅玕。浮于積石，至於龍門、西河，會于渭汭。織皮崑崙、析支、渠搜，西戎即敘。」","「黒水から西河までが、雍州である。弱水はすでに西へ流れ、涇水は渭水の湾曲部に合流し、漆水と沮水も渭水に従い、灃水もまた一か所に集まった。荊山と岐山はすでに神々を祀る祭祀が行われ、終南山や惇物山から鳥鼠同穴山にいたるまでの山々もすべて整備された。高台の原野も低層の湿地も成果が上がり、猪野の沼沢地にいたるまで水が引いて土地が安定した。三危山のふもとには人々が定住できるようになり、三苗の部族も大いに秩序づけられた。その土壌は黄色く肥えた黄壌である。その田はもっとも上等な「上上」であり、その賦は「中下」である。その貢納物は、美しい玉である球、琳、琅玕である。これらを運ぶ船は積石山のふもとから黄河に浮かび、龍門や西河を通り、渭水の湾曲部で合流する。毛織物や皮衣を貢ぐ崑崙、析支、渠搜といった西方の異民族たちも、みな服従し従うようになった。」","青海省海東市と甘粛省臨夏回族自治州の境界にある小積石山（積石峡）。","上古音：「積」ts i̯ĕɡ／ts ǐe／ts jeɡ／ts jieɣ／ts jigh
上古音：「石」ȡ i̯ăk／ʑ iak／- -／d jiak／d jiak","アイヌ語：「積石」
＝「テュ・アク・テュ・アク(tu-ak-tu-ak)」
＝「峰の・弟（のように小さいもの）・峰の・弟」","jomon2_bnum18.html"
"雍州","龍門","「黒水、西河惟雍州。弱水既西，涇屬渭汭，漆、沮既從，灃水攸同。荊、岐既旅，終南、惇物，至於鳥鼠。原隰厎績，至於豬野。三危既宅，三苗丕敘。厥土惟黃壤，厥田惟上上，厥賦惟中下。厥貢惟球、琳、琅玕。浮于積石，至於龍門、西河，會于渭汭。織皮崑崙、析支、渠搜，西戎即敘。」","「黒水から西河までが、雍州である。弱水はすでに西へ流れ、涇水は渭水の湾曲部に合流し、漆水と沮水も渭水に従い、灃水もまた一か所に集まった。荊山と岐山はすでに神々を祀る祭祀が行われ、終南山や惇物山から鳥鼠同穴山にいたるまでの山々もすべて整備された。高台の原野も低層の湿地も成果が上がり、猪野の沼沢地にいたるまで水が引いて土地が安定した。三危山のふもとには人々が定住できるようになり、三苗の部族も大いに秩序づけられた。その土壌は黄色く肥えた黄壌である。その田はもっとも上等な「上上」であり、その賦は「中下」である。その貢納物は、美しい玉である球、琳、琅玕である。これらを運ぶ船は積石山のふもとから黄河に浮かび、龍門や西河を通り、渭水の湾曲部で合流する。毛織物や皮衣を貢ぐ崑崙、析支、渠搜といった西方の異民族たちも、みな服従し従うようになった。」","陝西省韓城市と山西省河津市の境界を流れる黄河の急流（禹門とも呼ばれる）。","上古音：「龍」l i̯uŋ／l ǐwɔŋ／l juŋ／l iewŋ／l jung
上古音：「門」m wən／m uən／m uə̂n／m wən／m ən","アイヌ語：「龍門」
＝「レル・ウン・ムィ・アゥ・ウン(rer-un-muy-aw-un)」
＝「山陰・にある・頂の・角、枝分かれ・にある（ところ）」","jomon2_bnum18.html"
"雍州","西河","「黒水、西河惟雍州。弱水既西，涇屬渭汭，漆、沮既從，灃水攸同。荊、岐既旅，終南、惇物，至於鳥鼠。原隰厎績，至於豬野。三危既宅，三苗丕敘。厥土惟黃壤，厥田惟上上，厥賦惟中下。厥貢惟球、琳、琅玕。浮于積石，至於龍門、西河，會于渭汭。織皮崑崙、析支、渠搜，西戎即敘。」","「黒水から西河までが、雍州である。弱水はすでに西へ流れ、涇水は渭水の湾曲部に合流し、漆水と沮水も渭水に従い、灃水もまた一か所に集まった。荊山と岐山はすでに神々を祀る祭祀が行われ、終南山や惇物山から鳥鼠同穴山にいたるまでの山々もすべて整備された。高台の原野も低層の湿地も成果が上がり、猪野の沼沢地にいたるまで水が引いて土地が安定した。三危山のふもとには人々が定住できるようになり、三苗の部族も大いに秩序づけられた。その土壌は黄色く肥えた黄壌である。その田はもっとも上等な「上上」であり、その賦は「中下」である。その貢納物は、美しい玉である球、琳、琅玕である。これらを運ぶ船は積石山のふもとから黄河に浮かび、龍門や西河を通り、渭水の湾曲部で合流する。毛織物や皮衣を貢ぐ崑崙、析支、渠搜といった西方の異民族たちも、みな服従し従うようになった。」","黄河の中流部。現在の山西省と陝西省の境界を南北に流れる区間。雍州の東の境界線。","上古音：「西」s iər／s iei／s ied／s er／s id
上古音：「河」ɡʰɑ／ɣai／ɣɑ／ɡa／gar","アイヌ語：「西河」
＝「シル・アッ・キル・アゥ(sir-at-kir-aw)」＝「山が・たくさんある・山脚の・角、枝分かれ」","jomon2_bnum18.html"
"雍州","渭汭","「黒水、西河惟雍州。弱水既西，涇屬渭汭，漆、沮既從，灃水攸同。荊、岐既旅，終南、惇物，至於鳥鼠。原隰厎績，至於豬野。三危既宅，三苗丕敘。厥土惟黃壤，厥田惟上上，厥賦惟中下。厥貢惟球、琳、琅玕。浮于積石，至於龍門、西河，會于渭汭。織皮崑崙、析支、渠搜，西戎即敘。」","「黒水から西河までが、雍州である。弱水はすでに西へ流れ、涇水は渭水の湾曲部に合流し、漆水と沮水も渭水に従い、灃水もまた一か所に集まった。荊山と岐山はすでに神々を祀る祭祀が行われ、終南山や惇物山から鳥鼠同穴山にいたるまでの山々もすべて整備された。高台の原野も低層の湿地も成果が上がり、猪野の沼沢地にいたるまで水が引いて土地が安定した。三危山のふもとには人々が定住できるようになり、三苗の部族も大いに秩序づけられた。その土壌は黄色く肥えた黄壌である。その田はもっとも上等な「上上」であり、その賦は「中下」である。その貢納物は、美しい玉である球、琳、琅玕である。これらを運ぶ船は積石山のふもとから黄河に浮かび、龍門や西河を通り、渭水の湾曲部で合流する。毛織物や皮衣を貢ぐ崑崙、析支、渠搜といった西方の異民族たちも、みな服従し従うようになった。」","甘粛省から陝西省の関中盆地を東へと流れる渭河。黄河の最大支流。「渭汭」は涇水や他の支流が渭水に合流する河口・湾曲部の一帯（現在の西安市北東の平野部）。","上古音：「渭」- -／- -／ɣ juə̆d／ɣ jwər／gw jədh
上古音：「汭」 ȵ i̯wad／- -／ȵ juab, juæd／n jiwar／n jabh","アイヌ語：「渭汭」
＝「キル・アッ・ニ・アゥ・アッ(kir-at-ni-aw-at)」
＝「山脚が・たくさんある・棒の（ように細長い）・角、枝分かれが・たくさんある（ところ）」","jomon2_bnum18.html"
"雍州","崑崙","「黒水、西河惟雍州。弱水既西，涇屬渭汭，漆、沮既從，灃水攸同。荊、岐既旅，終南、惇物，至於鳥鼠。原隰厎績，至於豬野。三危既宅，三苗丕敘。厥土惟黃壤，厥田惟上上，厥賦惟中下。厥貢惟球、琳、琅玕。浮于積石，至於龍門、西河，會于渭汭。織皮崑崙、析支、渠搜，西戎即敘。」","「黒水から西河までが、雍州である。弱水はすでに西へ流れ、涇水は渭水の湾曲部に合流し、漆水と沮水も渭水に従い、灃水もまた一か所に集まった。荊山と岐山はすでに神々を祀る祭祀が行われ、終南山や惇物山から鳥鼠同穴山にいたるまでの山々もすべて整備された。高台の原野も低層の湿地も成果が上がり、猪野の沼沢地にいたるまで水が引いて土地が安定した。三危山のふもとには人々が定住できるようになり、三苗の部族も大いに秩序づけられた。その土壌は黄色く肥えた黄壌である。その田はもっとも上等な「上上」であり、その賦は「中下」である。その貢納物は、美しい玉である球、琳、琅玕である。これらを運ぶ船は積石山のふもとから黄河に浮かび、龍門や西河を通り、渭水の湾曲部で合流する。毛織物や皮衣を貢ぐ崑崙、析支、渠搜といった西方の異民族たちも、みな服従し従うようになった。」","青海省からチベットにまたがる崑崙山脈の東麓、あるいは青海湖の周辺。","上古音：「崑」k wən／- -／- -／k wən／- -
上古音：「崙」- -／- -／l uən／- -／l wən／- -","アイヌ語：「崑崙」
＝「ク・アゥ・ウン・ル・アゥ・ウン(ku-aw-un-ru-aw-un)」
＝「矢の（ように鋭い）・角、枝分かれ・にある（ところ）・消えかかった・角、枝分かれ・にある（ところ）」
※アイヌ語「ク＝弓」。朝鮮半島では「ク＝矢」の可能性。サハリン、シベリアのニヴフ（ギリヤーク）語も「ク＝矢」。","jomon2_bnum18.html"
"雍州","析支","「黒水、西河惟雍州。弱水既西，涇屬渭汭，漆、沮既從，灃水攸同。荊、岐既旅，終南、惇物，至於鳥鼠。原隰厎績，至於豬野。三危既宅，三苗丕敘。厥土惟黃壤，厥田惟上上，厥賦惟中下。厥貢惟球、琳、琅玕。浮于積石，至於龍門、西河，會于渭汭。織皮崑崙、析支、渠搜，西戎即敘。」","「黒水から西河までが、雍州である。弱水はすでに西へ流れ、涇水は渭水の湾曲部に合流し、漆水と沮水も渭水に従い、灃水もまた一か所に集まった。荊山と岐山はすでに神々を祀る祭祀が行われ、終南山や惇物山から鳥鼠同穴山にいたるまでの山々もすべて整備された。高台の原野も低層の湿地も成果が上がり、猪野の沼沢地にいたるまで水が引いて土地が安定した。三危山のふもとには人々が定住できるようになり、三苗の部族も大いに秩序づけられた。その土壌は黄色く肥えた黄壌である。その田はもっとも上等な「上上」であり、その賦は「中下」である。その貢納物は、美しい玉である球、琳、琅玕である。これらを運ぶ船は積石山のふもとから黄河に浮かび、龍門や西河を通り、渭水の湾曲部で合流する。毛織物や皮衣を貢ぐ崑崙、析支、渠搜といった西方の異民族たちも、みな服従し従うようになった。」","青海省の黄河上流の湾曲部。現在の果洛・海南チベット族自治州一帯。","上古音：「析」s iek／s iek／s iek／s ek／s ik
上古音：「支」ȶ i̯ĕɡ／ȶ ǐe／c jeɡ／t jieɣ／k rjig","アイヌ語：「析支」
＝「シル・アク・テュ・アク(sir-ak-tu-ak)」
＝「山の・弟（のように小さいもの）・峰の・弟」","jomon2_bnum18.html"
"雍州","渠搜","「黒水、西河惟雍州。弱水既西，涇屬渭汭，漆、沮既從，灃水攸同。荊、岐既旅，終南、惇物，至於鳥鼠。原隰厎績，至於豬野。三危既宅，三苗丕敘。厥土惟黃壤，厥田惟上上，厥賦惟中下。厥貢惟球、琳、琅玕。浮于積石，至於龍門、西河，會于渭汭。織皮崑崙、析支、渠搜，西戎即敘。」","「黒水から西河までが、雍州である。弱水はすでに西へ流れ、涇水は渭水の湾曲部に合流し、漆水と沮水も渭水に従い、灃水もまた一か所に集まった。荊山と岐山はすでに神々を祀る祭祀が行われ、終南山や惇物山から鳥鼠同穴山にいたるまでの山々もすべて整備された。高台の原野も低層の湿地も成果が上がり、猪野の沼沢地にいたるまで水が引いて土地が安定した。三危山のふもとには人々が定住できるようになり、三苗の部族も大いに秩序づけられた。その土壌は黄色く肥えた黄壌である。その田はもっとも上等な「上上」であり、その賦は「中下」である。その貢納物は、美しい玉である球、琳、琅玕である。これらを運ぶ船は積石山のふもとから黄河に浮かび、龍門や西河を通り、渭水の湾曲部で合流する。毛織物や皮衣を貢ぐ崑崙、析支、渠搜といった西方の異民族たちも、みな服従し従うようになった。」","甘粛省西北部から、さらに西の砂漠・オアシス地帯。","上古音：「渠」ɡʰ i̯o／g ǐa／ɡʰ jaɡ／ɡ jaɣ／g jag
上古音：「搜」ʂ／ʃ ǐu／s oɡ／s iəw／s rjəgw","アイヌ語：「渠搜」
＝「キル・アク・シル・アク(kir-ak-sir-ak)」
＝「山脚の・弟・山の・弟」","jomon2_bnum18.html"
"雍州","西戎","「黒水、西河惟雍州。弱水既西，涇屬渭汭，漆、沮既從，灃水攸同。荊、岐既旅，終南、惇物，至於鳥鼠。原隰厎績，至於豬野。三危既宅，三苗丕敘。厥土惟黃壤，厥田惟上上，厥賦惟中下。厥貢惟球、琳、琅玕。浮于積石，至於龍門、西河，會于渭汭。織皮崑崙、析支、渠搜，西戎即敘。」","「黒水から西河までが、雍州である。弱水はすでに西へ流れ、涇水は渭水の湾曲部に合流し、漆水と沮水も渭水に従い、灃水もまた一か所に集まった。荊山と岐山はすでに神々を祀る祭祀が行われ、終南山や惇物山から鳥鼠同穴山にいたるまでの山々もすべて整備された。高台の原野も低層の湿地も成果が上がり、猪野の沼沢地にいたるまで水が引いて土地が安定した。三危山のふもとには人々が定住できるようになり、三苗の部族も大いに秩序づけられた。その土壌は黄色く肥えた黄壌である。その田はもっとも上等な「上上」であり、その賦は「中下」である。その貢納物は、美しい玉である球、琳、琅玕である。これらを運ぶ船は積石山のふもとから黄河に浮かび、龍門や西河を通り、渭水の湾曲部で合流する。毛織物や皮衣を貢ぐ崑崙、析支、渠搜といった西方の異民族たちも、みな服従し従うようになった。」","中国西方の陝西省西部、甘粛省、青海省一帯に広く分散して暮らしていた遊牧系・狩猟系の諸民族の総称。","上古音：「西」s iər／s iei／s ied／s er／s id
上古音：「戎」ȵ -／ȵ ǐuŋ／ȵ joŋ／n jəwŋ／n jəngw","アイヌ語：「西戎」
＝「シル・アッ・ニ・アゥ・ウン(sir-at-ni-aw-un)」
＝「山が・たくさんある・棒の（ように細長い）・角、枝分かれ・にある（ところ）」","jomon2_bnum18.html"
